"policyID","policyName"
2969,"RCS - Harmon's Drug Store - PALESTINE"
2839,"RCS - FARMACIA VENUS"
2913,"RCS - GILBERT SALINAS PHARMACY, HARLINGEN"
2937,"RCS - Greenbrier Med. Arts Pharmacy"
2711,"RCS - Eminence Apothecary, EMINENCE"
3011,"RCS - Highland Pharmacy at Jordan Health Center"
2993,"RCS - Healthplus and Pharmacy at JMH"
2892,"RCS - GANSE APOTHECARY INC., LANCASTER"
2714,"RCS - ENCINO CARE PHARMACY"
2983,"RCS - HEALTH GUARD PHARMACY, LOS ANGELES"
2984,"RCS - HEALTH INNOVATIONS #3, LAURINBURG"
2731,"RCS - Express Pharmacy"
2724,"RCS - EVERETTS PHARMACY, SAN SABA"
2921,"RCS - Gloyer's Legend  Pharmacy"
3003,"RCS - Heritage Pharmacy"
2826,"RCS - FARMACIA SAN MARTIN BARCELONETA"
2858,"RCS - Flagstaff Pharmacy"
2901,"RCS - Gauley River Pharmacy, Craigsville"
2814,"RCS - Farmacia Pabon, Salinas"
2895,"RCS - GARFIELD HEALTHCARE PHARMACY, JERSEY CITY"
2721,"RCS - ESQUIRE PHARMACY"
2801,"RCS - FARMACIA LA MONSERRATE, SALINAS"
2787,"RCS - FARMACIA EL TUQUE, PONCE"
2710,"RCS - EMES PHARMACY"
2831,"RCS - FARMACIA SAN RAFAEL, QUEBRADILLAS"
3058,"RCS - Hubbard and Curry"
3150,"RCS - KM PHARMACY LLC., FLUSHING"
2805,"RCS - FARMACIA LORRAINE"
2763,"RCS - Family Pharmacy at Allegro Plaza, COLUMBUS"
2696,"RCS - EDGEWOOD PHARMACY, JACKSONVILLE"
2766,"RCS - FAMILY PHARMACY OF MOUNTAIN GROVE, MOUNTAIN GROVE"
2781,"RCS - FARMACIA DEL POZO, MANATI"
3074,"RCS - INTERNATIONAL DRUGS, PATERSON"
3132,"RCS - KENNETH VILLAGE PHARMACY GLENDALE"
2979,"RCS - HAVEN DRUGS, MEDFORD"
2744,"RCS - Falfurrias Family Pharmacy"
2925,"RCS - GOOD BUY DRUG LLC dba BEACON PHARMACY"
3123,"RCS - KAMAS FOODTOWN PHARMACY"
3133,"RCS - KENTS PHARMACY"
2715,"RCS - ENCINO CARE PHARMACY II"
2829,"RCS - Farmacia San Miguel 2"
2783,"RCS - Farmacia Del Pueblo, Gurabo"
2790,"RCS - FARMACIA GARCIA, HATILLO"
3047,"RCS - Hopkins Center Drug"
2774,"RCS - FARMACIA CAMPO ALEGRE, HATILLO"
3152,"RCS - KOMED HOLMAN PHARMACY, CHICAGO"
2702,"RCS - ELIZABETH PHARMACY, ELIZABETH"
2842,"RCS - FARMACIAS SAVIA #1"
2902,"RCS - Gelson's Pharmacy - DEL MAR"
2753,"RCS - FAMILY DRUG MART OF BRANDON, mandeville"
2997,"RCS - Healthsmart Pharmacy--Claremont"
2974,"RCS - Hartford Pharmacy II, Hartford"
2959,"RCS - HARBIN DISCOUNT PHARMACY"
2946,"RCS - Guice Pharmacy"
3039,"RCS - HOMETOWN PHARMACY, POST"
3550,"RCS - Medicine Shoppe, Shawnee - #0736"
3267,"RCS - Manson Pharmacy, Briarwood"
3298,"RCS - MCEWEN PRESCRIPTION SHOP, MCEWEN"
3463,"RCS - Medicine Shoppe, Fargo - #1169"
3225,"RCS - LOMA LINDA PHARMACY"
3532,"RCS - Medicine Shoppe, Pittsburgh - #1440"
3385,"RCS - Medicine Shoppe 1088"
3273,"RCS - MARINELLIS VILLAGE PHARMACY, ELMSFORD"
3370,"RCS - Medicap Pharmacy, Red Oak - #8282"
3642,"RCS - MONUMENT HEALTH HOME PLUS PHAR"
3499,"RCS - Medicine Shoppe, Mandan - #0977"
3262,"RCS - MAIL-MEDS CLINICAL PHARMACY, TALLAHASSEE"
3219,"RCS - Lizzas Apothecare Pharmacy, Uniontown"
3500,"RCS - Medicine Shoppe, Marion - #0751"
3386,"RCS - Medicine Shoppe 2000"
3207,"RCS - LifeSmart Rx Pharmacy"
2436,"RCS - Canaan Bokjee Pharmaceutical Care, Los Angeles"
2459,"RCS - Care Plus Pharmacy Inc"
2403,"RCS - BROULIMS PHARMACY #6"
2208,"RCS - Altru Retail Pharmacy"
2371,"RCS - BMH Yorktown Healthcare Pharmacy"
2495,"RCS - Central Drugs"
2544,"RCS - COASTAL PHARMACY, INGLESIDE"
2217,"RCS - AMERICAS #1 HEALTH STORE, MADISONVILLE"
2476,"RCS - CARLSBAD VILLAGE PHARMACY, CARLSBAD"
2469,"RCS - CARILION CLINIC PHARMACY SPECIALTY"
2288,"RCS - Baptist Health Floyd Outpatien, NEW ALBANY"
2280,"RCS - AWADCARE PHARMACY INC RET, CENTRAL VALLEY"
2493,"RCS - Central Avenue Pharmacy"
2489,"RCS - CEDENOS PHARMACY, PERTH AMBOY"
2461,"RCS - CARE RX, LAKE WORTH"
2656,"RCS - Dokimos Nevada City Pharmacy"
2449,"RCS - CAPE FEAR DISCOUNT DRUGS - HOP, HOPE MILLS"
2408,"RCS - Broulim's Pharmacy Alpine #14"
2387,"RCS - Brentwood Pharmacy Rx, Brentwood"
2529,"RCS - CITY DRUG STORE, HUGO"
2574,"RCS - COURT HOUSE PHARMACY, JERSEY CITY"
2458,"RCS - CARE PHARMACY, BRONX"
2298,"RCS - Barnabas Health Retail Pharmacy, MMC"
2638,"RCS - Delaune`s Pharmacy and Home Medical"
2606,"RCS - CURENTA - ALHAMBRA"
2331,"RCS - Belvedere Pharmacy, BALTIMORE"
2551,"RCS - Colonial Heights Pharmacy"
2207,"RCS - ALPHASCRIPT, SAN CARLOS"
2398,"RCS - BROULIMS PHARMACY #10"
2409,"RCS - Broulim's Pharmacy Broadway"
2639,"RCS - Delmarva Pharmacy"
2334,"RCS - BERKLEY PHARMACY"
2359,"RCS - Birch Run Drugs"
2330,"RCS - Bellwood Pharmacy"
2345,"RCS - BESTCARE PHARMACY MORA LLC, Mora"
2260,"RCS - ARcare Pharmacy 13"
2601,"RCS - Crosby's Drug Inc"
2596,"RCS - Credena Health, Tarzana"
2632,"RCS - DB Medical Supplies INC, Bronx"
2327,"RCS - Bells Market Pharmacy"
2541,"RCS - Clinkscales Drugs"
2451,"RCS - CAPITOL DRUGS, SHERMAN OAKS"
2651,"RCS - DIVINE PHARMACY, EDINBURG"
2569,"RCS - CompleteCare Community Pharmacy, Vineland"
2534,"RCS - Clark's Market"
2385,"RCS - Braswell Drugs"
2364,"RCS - BLOOMING GROVE PHARMACY, MONROE"
2553,"RCS - Colton Pharmacy"
2389,"RCS - Bridger's Drug Store"
2503,"RCS - CENTURY PHARMACY, LOWELL"
2319,"RCS - BEACH PHARMACY, GULFPORT"
2287,"RCS - BAPTIST HEALTH BRECKENRIDGE COMMUNI"
2514,"RCS - Cheek Pharmacy Inc, Cross City"
2502,"RCS - Centreville Drugs dba Edwards Pharmacy"
2421,"RCS - BURNHAM DRUGS #6"
2583,"RCS - Credena Health Pharmacy, CENTRALIA"
2588,"RCS - Credena Health Pharmacy, OLYMPIA"
2368,"RCS - Blue Devil Drug"
2381,"RCS - BOZEMAN CHP PHARMACY"
2228,"RCS - ANDREWS PACKAGING PHARMACY INC, LOUISVILLE"
2619,"RCS - DARLINGTON PHARMACY INC, DARLINGTON"
2184,"RCS - Acton Pharmacy"
2438,"RCS - CANNON APOTHECARY"
2171,"RCS - 986 PHARMACY, Monterey Park"
2264,"RCS - ARVADA PHARMACY AND MEDICAL SU"
2562,"RCS - COMMUNITY PHARMACY & SURGICAL INC, JERSEY CITY"
2223,"RCS - Anderson Bros T&C Pharmacy"
2470,"RCS - Carilion Lobby"
2607,"RCS - CUREWELL PHARMACY, FRANKLIN SQUARE"
2230,"RCS - Anile Pharmacy"
2192,"RCS - Al Kosto"
2633,"RCS - DDE PHARMACY, ROWLAND HEIGHTS"
2462,"RCS - Care South, ZACHARY"
2383,"RCS - Brashears Pharmacy"
2225,"RCS - Anderson Drug"
2620,"RCS - DAVES PHARMACY"
2509,"RCS - Charlottes Hometown Pharmacy"
2414,"RCS - BUCKHEAD PHARMACY, MAYFIELD VILLAGE"
2188,"RCS - Advant-Edge Pharmacy"
2530,"RCS - CITY PHARMACY, FLUSHING"
2242,"RCS - APPLE PHARMACY #2, Palmview"
2428,"RCS - Camarena Pharmacy, Madera"
2169,"RCS - 986 Pharmacy #8010"
2471,"RCS - CARILION MEDICAL CENTER"
2300,"RCS - Barnabas Health Retail Pharmacy, SBMC"
2589,"RCS - Credena Health Pharmacy, Orange"
2266,"RCS - ASPIRUS CLINIC PHARMACY, WAUSAU"
2271,"RCS - ATLANTIS PHARMACY RX LLC, ATLANTIS"
2219,"RCS - AN NOOR PHARMACY INC"
2172,"RCS - 986 PHARMACY, TEMPLE CITY"
2654,"RCS - DMK PHARMACY, EL CAJON"
2460,"RCS - CARE POINT PHARMACY"
2386,"RCS - Braun Pharmacare"
2366,"RCS - BLOOMSDALE PHARMACY, BLOOMSDALE"
2465,"RCS - CAREPAK PHARMACY"
2196,"RCS - ALL RX PHARMACY INC, FLUSHING"
2374,"RCS - Boones Creek Pharmacy"
2244,"RCS - Apple Pharmacy #4, MCALLEN"
2481,"RCS - Castleton Pharmacy Corp"
2232,"RCS - ANNAPOLIS PROFESSIONAL PHARMACY"
2347,"RCS - Better Life Pharmacy - NEW BRUNSWICK"
2594,"RCS - Credena Health Pharmacy, St. Vincent"
2296,"RCS - BARNABAS HEALTH RETAIL PHARMAC"
2492,"RCS - CENTER FOR FAMILIES AND CHILDR, Rocky River"
2543,"RCS - CO OP CITY PHARMACY INC, BRONX"
2535,"RCS - Clark's Market Pharmacy"
2315,"RCS - BAYOU LACOMBE PHARMACY, LACOMBE"
2443,"RCS - CANNON PHARMACY NORTH, KANNAPOLIS"
2505,"RCS - Chandler Drug Co."
2282,"RCS - Babasa Inc dba Medciti Pharmacy"
2612,"RCS - D & S Drug, Dexter"
2482,"RCS - Catalpa Chemists Corp, RIDGEWOOD"
2441,"RCS - Cannon Pharmacy Main, Kannapolis"
2415,"RCS - BUFORD STREET DRUG STORE, GAFFNEY"
2317,"RCS - BDCH PHARMACY, BEAVER DAM"
2274,"RCS - AUTREY PHARMACY 4, BROWNSVILLE"
2434,"RCS - CAMPUS MEDICAL PHARMACY"
2234,"RCS - ANTHONYS PHARMACY, Union City"
2552,"RCS - Colorado Medical Pharmacy"
2224,"RCS - Anderson Bros. Florin Sq. Pharmacy"
2456,"RCS - Care One Pharmacy"
2496,"RCS - Central Heights Pharmacy Inc., Florence"
2376,"RCS - BOTICA SAN JOSE, LOS ANGELES"
2326,"RCS - Belleville Pharmacy"
2453,"RCS - Capp's Pharmacy"
2626,"RCS - Davis Drugs dba Swadley Drugs"
2182,"RCS - ACE-Rx Specialty Pharmacy, OLD BRIDGE"
2455,"RCS - CARE ONE LTC/SPECIALTY PHARMAC, BALTIMORE"
2261,"RCS - ARcare Pharmacy 15"
2587,"RCS - Credena Health Pharmacy, Monroe"
2349,"RCS - Beverly Pharmacy"
2311,"RCS - Bay Street Pharmacy"
2168,"RCS - 986 Pharmacy #8007"
2431,"RCS - Cambridge Health Alliance Specialty"
2268,"RCS - ASPIRUS PHARMACY MEDFORD"
2357,"RCS - BILLSTRA PHARMACY LLC, PATERSON"
2241,"RCS - Apothecary Shop, LANSING"
2546,"RCS - COCHRANTON COMMUNITY PHARMACY, COCHRANTON"
2191,"RCS - AhmaRx"
2545,"RCS - COBB STREET PHARMACY, CADILLAC"
2400,"RCS - BROULIMS PHARMACY #2"
2375,"RCS - BOSTON ROAD PHARMACY, BRONX"
2257,"RCS - ARcare Pharmacy 09"
2180,"RCS - ABO PHARMACY & MEDICAL SUPPLIES"
2377,"RCS - BOURBONTOWN PHARMACY"
2407,"RCS - Broulim's Pharmacy 17th Street"
2388,"RCS - BRIDGEPORT PHARMACY, BRIDGEPORT"
2179,"RCS - ABLE PHARMACY, GAINESVILLE"
2332,"RCS - BERGEN AVE DRUGS INC, JERSEY CITY"
2255,"RCS - ARcare Pharmacy 05"
2200,"RCS - ALLY PHARMACY"
2176,"RCS - A Healthplus & Pharmacy"
2393,"RCS - Broadway Pharmacy, Inc."
2369,"RCS - BMH Blackford Community Healthcare Pharmacy"
2303,"RCS - Barney's Pharmacy"
2209,"RCS - Alumni Pharmacy of Loma Linda"
2576,"RCS - Crawford Pharmacy"
2297,"RCS - Barnabas Health Retail Pharmacy, CMMC"
2269,"RCS - ASSOCIATED FRESH MARKET INC"
2655,"RCS - Dokimos East Main Pharmacy"
2314,"RCS - Baylor Pharmacy"
2378,"RCS - Bowmans Pharmacy, KAYSVILLE"
2270,"RCS - ATLANTIC PHARMACY, MELBOURNE VILLAGE"
2340,"RCS - Best Choice Pharmacy and Medical Su"
2433,"RCS - CAMPBELLS PHARMACY"
2468,"RCS - CARIBBEAN PHARMACY"
2643,"RCS - DESERT PHARMACY"
2342,"RCS - Bestcare Pharmacy Angel Fire LLC, ANGEL FIRE"
2324,"RCS - BELFAST DRUG COMPANY"
2474,"RCS - Carl Walkers Drugstore"
2559,"RCS - COMMUNITY HEALTH SYSTEMS INC"
2580,"RCS - CREDENA HEALTH PHARMACY FRANZ"
2427,"RCS - California Pharmacy"
2201,"RCS - Almark Pharmacy"
2527,"RCS - Citizens Drug Store, Chester"
2309,"RCS - Bay Park Pharmacy Corp, BROOKLYN"
2254,"RCS - ARCARE Pharmacy #12"
2563,"RCS - COMMUNITY PHARMACY AT MEMORIAL"
2313,"RCS - BAYLOR HEALTH ENTERPRISES"
2518,"RCS - Cheyenne Professional Drug"
2484,"RCS - CBC PHARMACY HILLSBOROUGH, HILLSBOROUGH"
2202,"RCS - Al-Medina Pharmacy Inc, BROOKLYN"
2231,"RCS - ANN ARBOR PROFESSIONAL PHCY, YPSILANTI"
2627,"RCS - DAVIS FOOD AND DRUG #1"
2328,"RCS - BELLS MARKET PHARMACY II"
2570,"RCS - COOK & FORTENBERRY PHARMACY, COLUMBIA"
2337,"RCS - Berts Drug Inc dba Berts Pharmacy"
2210,"RCS - AMAZING PHARMACY, BRONX"
2362,"RCS - BLACKTAIL PHARMACY"
2490,"RCS - CENTER FOR FAMILIES & CHILDREN, CLEVELAND"
2204,"RCS - Alpha Drugs, Anaheim"
2344,"RCS - Bestcare Pharmacy Lordsburg LLc, LORDSBURG"
2379,"RCS - BOYD COUNTY PHARMACY"
2189,"RCS - Advant-Edge Pharmacy #2"
2437,"RCS - Canadian Lakes Pharmacy"
2473,"RCS - CARILION RIVERSIDE"
2405,"RCS - BROULIMS PHARMACY #8"
2175,"RCS - A Health Plus & Pharmacy-Kingsport"
2222,"RCS - Anderson Apothecary, LAWRENCEBURG"
2321,"RCS - BEDDINGFIELD DRUG, CLAYTON"
2350,"RCS - BIENESTAR PHARMACY, CHICAGO"
2195,"RCS - ALIGN VITAL CARE OF LOUISIANA"
2163,"RCS - 110 PHARMACY AND SURGICAL, MELVILLE"
2187,"RCS - Advanced Care Rx Pharmacy 1"
2370,"RCS - BMH Family Healthcare Pharmacy"
2211,"RCS - AMBOY HOMETOWN PHARMACY, AMBOY"
2308,"RCS - Bath Rx Inc dba Bath Drug"
2358,"RCS - BIOSCRIPT PHARMACY"
2494,"RCS - CENTRAL DRUG STORE INC, CHARLEVOIX"
2491,"RCS - CENTER FOR FAMILIES AND CHILDR, CLEVELAND"
2170,"RCS - 986 Pharmacy #8011"
2634,"RCS - DE FRANCO PHARMACY, BRONX"
2660,"RCS - Dougherty's Pharmacy"
2532,"RCS - CJ's Pill Box"
2480,"RCS - CASTLE HILL COMMUNITY PHCY, BRONX"
2227,"RCS - ANDERSONS DISCOUNT PHARMACY, FT SMITH"
2536,"RCS - Clarks Pharmacy Battlement"
2623,"RCS - DAVIDS PHARMACY, BROOKLYN"
2446,"RCS - CANTUS PHARMACY, EDINBURG"
2629,"RCS - DAVIS FOOD AND DRUG #4"
2365,"RCS - Bloomingdale Drug"
2248,"RCS - Apple Pharmacy #8 - HEBBRONVILLE"
2560,"RCS - Community Medical Pharmacy"
2429,"RCS - Cambridge Health Alliance Outpatient Pharmacy East Cambridge, CAMBRIDGE"
2290,"RCS - Baptist Health Louisville Outpatient Pharmacy, LOUISVILLE"
2343,"RCS - BESTCARE PHARMACY CHAMA LLC, CHAMA"
2542,"RCS - CLINTON PHARMACY & HEALTHCARE, NEWARK"
2220,"RCS - Anchor Pharmacy III"
2501,"RCS - Central Utah Pharmacy"
2197,"RCS - Allen Clinic Pharmacy, Waterloo"
2582,"RCS - Credena Health Pharmacy, Burbank"
2167,"RCS - 986 PHARMACY #8006"
2423,"RCS - BVL Pharmacy, KISSIMMEE"
2322,"RCS - Bee's Marketplace Corporation"
2193,"RCS - ALBION - HANCOCK PHARMACY"
2641,"RCS - DEPOT DRUG NORTH PLATTE"
2610,"RCS - Cuyuna Lakes Pharmacy #2"
2206,"RCS - Alpha Pharmacy II"
2186,"RCS - ADKINS PHARMACY, GILBERT"
2500,"RCS - CENTRAL PHARMACY, HAINES CITY"
2305,"RCS - BARRY LATHAMS DRUG"
2367,"RCS - Blountstown Drug"
2339,"RCS - BEST CARE PHARMACY, WESTCHESTER AVE"
2497,"RCS - CENTRAL PHARMACY - ALLSTON"
2561,"RCS - COMMUNITY PHARMACY - JAMAICA"
2477,"RCS - CARMENS PHARMACY AND MEDICAL S"
2442,"RCS - CANNON PHARMACY- MORROCROFT, CHARLOTTE"
2318,"RCS - BEACH MEDICAL PHARMACY, BUENA PARK"
2406,"RCS - BROULIMS PHARMACY #9"
2554,"RCS - Commonwealth Pharmacy, Chatham"
2426,"RCS - C and C Pharmacy"
2498,"RCS - CENTRAL PHARMACY & SURGICALS, BRONX"
2335,"RCS - BERNEYS PHARMACY, NEW HAVEN"
2247,"RCS - Apple Pharmacy #7"
2615,"RCS - Daniels Pharmacy #2, ZAPATA"
2333,"RCS - BERGEN CARE PHARMACY INC., FORT LEE"
2507,"RCS - CHARBONNET Family Pharmacy, NEW ORLEANS"
2598,"RCS - CRESCO FAMILY PHARMACY"
2652,"RCS - DIVVYDOSE, Rock Island"
2243,"RCS - Apple Pharmacy #3, MISSION"
2307,"RCS - Bass Rutledge Drug"
2212,"RCS - AMBULATORY CARE CENTER PHARMAC, AKRON"
2499,"RCS - Central Pharmacy of Brooklyn NY Inc"
2165,"RCS - 161 ST PHARMACY & SURGICAL SUPPLIES, BRONX"
2404,"RCS - BROULIMS PHARMACY #7"
2396,"RCS - BROOKDALE PHARMA INC, BROOKLYN"
2617,"RCS - DANS DRUG #5"
2348,"RCS - Beverly Hills Pharmacy"
2578,"RCS - CREDENA HEALTH LLC, PORTLAND"
2637,"RCS - Decatur County Memorial Hospital Retail Pharmacy, GREENSBURG"
2510,"RCS - CHASE PHARMACY"
2658,"RCS - Donora Union Pharmacy, Donora"
2263,"RCS - ARNOLD PROFESSIONAL PHARMACY"
2399,"RCS - BROULIMS PHARMACY #12"
2508,"RCS - Charitable Pharmacy of Central Ohio, COLUMBUS"
2382,"RCS - Bradshaw Economy Drug Inc, Bradshaw"
2276,"RCS - Autrey Pharmacy II"
2628,"RCS - DAVIS FOOD AND DRUG #2"
2557,"RCS - Community Care Rx, MONROVIA"
2517,"RCS - CHERRY GROVE  DRUG, NORTH MYRTLE BEACH"
2295,"RCS - Baptist Hospital LaGrange Hosp, LA GRANGE"
2520,"RCS - CHOCOWINITY PHARMACY INC"
2419,"RCS - BURNHAM DRUGS #2"
2467,"RCS - CAREWAY PHARMACY, BROOKLYN"
2183,"RCS - Acres Pharmacy, LEHIGH ACRES"
2515,"RCS - Cheffy Drugs LLC"
2250,"RCS - APPLE PHARMACY, MCALLEN"
2363,"RCS - BLAKESLEE PHARMACY, BLAKESLEE"
2593,"RCS - Credena Health Pharmacy, St. Patrick"
2265,"RCS - Asheville Highway Pharmacy dba Atchely Drug Center"
2352,"RCS - BIG STONE ECONOMY DRUG INC, HURLEY"
3807,"RCS - Pearl River Drug Co"
2320,"RCS - Beacon Pharmacy LLC dba Beacon Prescription"
2625,"RCS - DAVIS BROTHERS PHARMACY INC, NEW CUMBERLAND"
2353,"RCS - Big Value Discount Drugs"
2336,"RCS - Berry Pharmacist Group dba Mason Family Drug"
2289,"RCS - BAPTIST HEALTH LEXINGTON RETAIL PHARMACY, LEXINGTON"
2600,"RCS - Cresetti Drug Corp dba Neergaard Pharmacy"
2281,"RCS - BAARS PHARMACY"
2621,"RCS - DAVES PHARMACY - CLEVELAND"
2528,"RCS - City Chemist, BROOKLYN"
2611,"RCS - Cuyuna Lakes Pharmacy LLC, CROSBY"
2464,"RCS - CAREFIRST RX PHCY, WEST HILLS"
2579,"RCS - Credena Health Pharmacy First Hill"
2354,"RCS - Bigfork Valley Pharmacy"
2624,"RCS - DAVIS BROTHERS PHARM - CHESTER, CHESTER"
2420,"RCS - BURNHAM DRUGS #3"
2439,"RCS - Cannon Drug"
2556,"RCS - COMMUNITY CARE PHARMACY INC, HARTFORD"
2235,"RCS - Antietam Pharmacy"
2198,"RCS - Allen Drug"
2279,"RCS - AVIVA PHARMACY, LONG BEACH"
2646,"RCS - Diamond Pharmacy Services"
2164,"RCS - 15TH STREET PHARMACY, TUSCALOOSA"
2584,"RCS - Credena Health Pharmacy, COLVILLE"
2644,"RCS - Devz Pharmacy II"
2440,"RCS - CANNON MOORESVILLE POA, MOORESVILLE"
2203,"RCS - Alondra Pharmacy"
2412,"RCS - Bruces Pharmacy"
2411,"RCS - Brownsville Family Pharmacy (MSI # 1961)"
2341,"RCS - BESTCARE PHARMACY 4 LLC, QUESTA"
2504,"RCS - CERTACARE PHARMACY, COLUMBIA"
2216,"RCS - AMERICAN PHARMACY, JERSEY CITY"
2237,"RCS - Apex Care Pharmacy"
2236,"RCS - Antlers Pharmacy"
2444,"RCS - Cannon Pharmacy Sedgefield"
2435,"RCS - Campus Pharmacy, BALTIMORE"
2479,"RCS - CAROLINA BEHAVIORAL CARE PHARM, PINEHURST"
2457,"RCS - Care One Pharmacy #2"
2360,"RCS - BLACKBURNS PHYSICIAN PHARMACY, TARENTUM"
2226,"RCS - Anderson Pharmacy"
2302,"RCS - Barnes Pharmacy"
2488,"RCS - Cedars Pharmacy Inc"
2635,"RCS - Deans Pharmacy"
2602,"RCS - CROSSLAKE DRUG"
2549,"RCS - Colombos Pharmacy"
2194,"RCS - Al-Haqq Pharmacy, OZONE PARK"
2246,"RCS - Apple Pharmacy #6"
2384,"RCS - BRASHEARS PHARMACY, LECANTO"
2417,"RCS - Burke's Main St Pharmacy"
2213,"RCS - AMEEN PHARMACY LLC          NJ, NORTH BERGEN"
2573,"RCS - COTTAGE PHARMACY, WOODBURY"
2432,"RCS - CAMBRIDGE HEALTH ALLIANCE, Cambridge"
2513,"RCS - CHC TEMPLETON PHARMACY"
2571,"RCS - CORBY CHEMISTS, NEW YORK"
2284,"RCS - BACK BAY DRUGS"
2410,"RCS - Browns Pharmacy"
2506,"RCS - Chapel Street Pharmacy, NEW HAVEN"
2413,"RCS - BUCHANAN PHARMACY ASSOCIATES, GRUNDY"
2416,"RCS - Burgio's Pharmacy"
2526,"RCS - CIRCLE HEALTH SERVICES RX PHCY, CLEVELAND"
2325,"RCS - Bella Vida Pharmacy"
2523,"RCS - Church and Scott Pharmacy"
2397,"RCS - BROULIMS PHARMACY #1"
2572,"RCS - CORNER PHARMACY INC., BROOKLYN"
2618,"RCS - DANS DRUG #8"
2466,"RCS - CareSouth Pharmacy 2, BATON ROUGE"
2190,"RCS - Afton Pharmacy"
2252,"RCS - ARACOMA DRUG COMPANY, CHAPMANVILLE"
2373,"RCS - BOOM Pharmacy, BRONX"
2323,"RCS - Beggs Pharmacy"
2555,"RCS - COMMUNITY CARE PHARMACY - TAFT"
2636,"RCS - DeBlieck`s Pharmacy, North Haledon"
2447,"RCS - CANYON VIEW PHARMACY, GRAND JUNCTION"
2630,"RCS - Davis Pharmacy, East Millinocket"
2430,"RCS - Cambridge Health Alliance Outpatient Pharmacy Malden, MALDEN"
2293,"RCS - BAPTIST HEALTH RICHMOND PROFES, RICHMOND"
2452,"RCS - CAPITOL DRUGS, WEST HOLLYWOOD"
2599,"RCS - Cresco Family Pharmacy South"
2614,"RCS - DANIELS PHARMACY #1, MCALLEN"
2564,"RCS - COMMUNITY PHARMACY AT SAINT JO, LEXINGTON"
2585,"RCS - Credena Health Pharmacy, EVERETT"
2550,"RCS - COLONIAL HEALTH PHARMACY, NEWARK"
2485,"RCS - CBK Pharmacy LLC"
2391,"RCS - BROAD STREET PHARMACY - CHESANING"
2475,"RCS - CARLETON DRUGS, CARLETON"
2395,"RCS - BRODHEAD PHARMACY"
2613,"RCS - Daniel Pharmacy"
2285,"RCS - BAEDERWOOD PHARMACY, JENKINTOWN"
2215,"RCS - AMERI MEX PHARMACY"
2402,"RCS - Broulim's Pharmacy #5"
2214,"RCS - Amelia Pharmacy"
2259,"RCS - ARCARE PHARMACY 11"
2355,"RCS - Bilgin Inc dba Center Pharmacy II"
2591,"RCS - Credena Health Pharmacy, Sacred Heart"
2181,"RCS - ACE DRUGS, NEWBURGH"
2659,"RCS - DOUBLE G PHARMACY"
2229,"RCS - Andrews Pharmacy"
2392,"RCS - BROADWAY PHARMACY III INC, NEW YORK"
2301,"RCS - BARNABAS HEALTH RETAIL PHCY, JCMC"
2380,"RCS - Boyd Medicine Store, BOYD"
2233,"RCS - ANNISTON QUALITY HLTHCARE, ANNISTON"
2238,"RCS - Apex Pharmacy"
2418,"RCS - Burnham Drugs #1"
2512,"RCS - CHC Pharmacy SLO"
2525,"RCS - Cienega Pharmacy"
2616,"RCS - DANNYS PHARMACY"
2450,"RCS - Capital Pharmacy and Medical Equipment"
2642,"RCS - Deris Pharmacy Inc dba Bell Boulevard Pharmacy"
2640,"RCS - Depot Drug"
2603,"RCS - CRYSTAL CITY PHARMACY, LLC"
2565,"RCS - COMMUNITY PHARMACY, CHICAGO"
2253,"RCS - Arcare dba Pharmacy 106"
2547,"RCS - Colburns Northport Pharmacy"
2286,"RCS - BALLS FOUR B CORP"
2372,"RCS - BOLTONS PHARMACY INC, WATERTOWN"
2277,"RCS - AVALON PHARMACY INC., NEW YORK"
2425,"RCS - Bynum Drug Inc"
2483,"RCS - CBC PHARMACY DURHAM, DURHAM"
2251,"RCS - Apteka"
2221,"RCS - ANDEE PLAZA PHARMACY"
2278,"RCS - AVITA ONTARIO PHARMACY, MANSFIELD"
2178,"RCS - A&W Pharmacy"
2604,"RCS - Cumberland Pharmacy"
2519,"RCS - CHN SPECIALTY PHARMACY"
2267,"RCS - Aspirus Keweenaw Pharmacy"
2524,"RCS - CHURCH HILL DRUG STORE"
2661,"RCS - Douglas-Main Pharmacy"
2283,"RCS - BABIS PHARMACY, MERION"
2575,"RCS - Crary Drug, TEMPERANCE"
2205,"RCS - ALPHA PEOPLES DRUGS"
2566,"RCS - COMMUNITY PHARMACY, CLARION"
2548,"RCS - Colfax Drug Company LLC"
2291,"RCS - Baptist Health Madisonville Outpatient Pharmacy, MADISONVILLE"
2424,"RCS - Byard Mercer Pharmacy"
2346,"RCS - BESTCARE PHARMACY SPRINGER LLC, SPRINGER"
2454,"RCS - CARDINAL HLTH WELLNESS CTR PHY, DUBLIN"
2262,"RCS - ARcare Pharmacy 84"
2595,"RCS - Credena Health Pharmacy, Tanasbourne"
2472,"RCS - Carilion New River Valley"
2401,"RCS - Broulim's Pharmacy #4"
2537,"RCS - CLARX HUB CITY PHARMACY"
2521,"RCS - CHOICE CRITICAL CARE RX LLC"
2540,"RCS - Clinic Pharmacy Dickinson"
2338,"RCS - BEST BUY DRUGS, ALBUQUERQUE"
2316,"RCS - BB Myrtle Pharmacy Corp ( LTC)"
2304,"RCS - BARONS DRUG STORE, WESTFIELD"
2361,"RCS - BLACKSTONE VALLEY CHC INC"
2312,"RCS - BAYARD L.C. PHARMACY CORP., NEW YORK"
2245,"RCS - Apple Pharmacy #5"
2445,"RCS - Canovanas Pharmacy"
2218,"RCS - AMERICAS PHARMACY"
2199,"RCS - Allen Pharmacy"
2166,"RCS - 90-15 Roosevelt Avenue Corp dba Mi Farmacia"
2577,"RCS - CRAWFORD PHARMACY, SAN ANTONIO"
2258,"RCS - ARCARE PHARMACY 103"
2538,"RCS - Clendenin Pharmacy"
2647,"RCS - DIAMOND PHARMACY SERVICES, READING"
2592,"RCS - Credena Health Pharmacy, St. Joseph"
2292,"RCS - Baptist Health Paducah Pharmacy & Wellness Center"
2609,"RCS - CUSTOM RX PHARMACY"
2657,"RCS - Dong Nai Pharmacy"
2173,"RCS - 986 Specialty Pharmacy Pasaden, PASADENA"
2650,"RCS - Dillwyn Pharmacy"
2568,"RCS - Complete Rx Pharmacy"
2531,"RCS - City Rexall"
2294,"RCS - BAPTIST HLTH OP PHARM WAC ST, CORBIN"
2539,"RCS - Clinic Ole Pharmacy, NAPA"
2631,"RCS - DAWSONS PHARMACY, GOOCHLAND"
2273,"RCS - AUTREY PHARMACY 3, BROWNSVILLE"
2478,"RCS - Caro Drugs"
2448,"RCS - CAPE FEAR DISCOUNT DRUG, FAYETTEVILLE"
2622,"RCS - DAVES PHARMACY - MARYSVILLE"
2522,"RCS - CHOICE ONE PHARMACY, BRONX"
2486,"RCS - CECIL COMMUNITY PHARMACY, CONOWINGO"
2648,"RCS - Dianas pharmacy, GLENDALE"
2422,"RCS - BURNHAM DRUGS LLC"
2653,"RCS - DJ Garden Valley Pharmacy, Inc, Garden Valley - #8427"
2256,"RCS - ARcare Pharmacy 07"
2351,"RCS - Big C Drugs"
2581,"RCS - Credena Health Pharmacy, Anchorage"
2329,"RCS - Bellwood Drugs"
2239,"RCS - Apnar Pharmacy & Supermarket, WEST PALM BEACH"
2356,"RCS - BILLINGS CLINIC ATRIUM PHARMACY, Billings"
2533,"RCS - Claremore Compounding Center"
2275,"RCS - Autrey Pharmacy dba Brownsville Pharmacy I"
2516,"RCS - Cheng Pharmacy"
2597,"RCS - Creekside Pharmacy (MSI # 1969)"
2272,"RCS - ATLAS DRUG, NORTH BERGEN"
2177,"RCS - A PLUS PHARMACY, PHILADELPHIA"
2608,"RCS - CURRY PHARMACY, CLINTON"
2605,"RCS - CURENTA"
2586,"RCS - Credena Health Pharmacy, Lakeshore"
2185,"RCS - Adams Pharmacy"
2240,"RCS - Apothecare LLC dba Ross Drugs"
2567,"RCS - Compare Quality Pharmacy"
2394,"RCS - BROADWAY PHARMACY, NEW YORK"
2299,"RCS - Barnabas Health Retail Pharmacy, NBI"
2558,"RCS - COMMUNITY HEALTH CENTER PHARMACY"
2590,"RCS - Credena Health Pharmacy, PPMC Plaza"
2310,"RCS - Bay Pharmacy"
2645,"RCS - Diamond Drugs"
2174,"RCS - A & M Pharmacy and Surgical Supplies"
2390,"RCS - Bright Aid Pharmacy"
2649,"RCS - DICKS PHARMACY"
2249,"RCS - Apple Pharmacy #9"
2463,"RCS - Care+ Pharmacy"
2511,"RCS - CHC Pharmacy Paso Robles, PASO ROBLES"
2815,"RCS - FARMACIA PERPETUO SOCORRO, MOCA"
3122,"RCS - KAJU PHARMACY, GARDEN GROVE"
2803,"RCS - FARMACIA LISYAI 2"
3157,"RCS - La Jolla Discount"
3111,"RCS - John C. Marion Pharmacy"
2877,"RCS - Frankford Health Pharmacy, Philadelphia"
2885,"RCS - FRYS PRESCRIPTION PHCY"
3086,"RCS - Ivira Pharmacy--Market Street"
3093,"RCS - J&J PHARMACY, CAVE SPRING"
3115,"RCS - Jolin Pharmacy"
2982,"RCS - HEALTH FIRST PHARMACY"
3160,"RCS - LAFFITA PHARMACY, INC, MIAMI"
2751,"RCS - Family Drug Mart #2"
2761,"RCS - Family Pharmacy #399, Columbus"
2772,"RCS - FARMACIA BIENESTAR, VEGA BAJA"
3140,"RCS - KIM PHARMACY, GARDEN GROVE"
2919,"RCS - GLENDALE WEST PHARMACY - GLENDALE"
3041,"RCS - HOMETOWN SUPERMARKETS, LLC, OLD TOWN"
2804,"RCS - FARMACIA LISYAI INC."
2811,"RCS - Farmacia Morell, CAMUY"
2986,"RCS - HEALTH SERVICE PHARMACY UNI OF, MISSOULA"
2727,"RCS - EXCEL RX PHARMACY, LATHRUP VILLAGE"
3026,"RCS - HOLBROOK DRUG, MOREHEAD"
2960,"RCS - HARBOR COMPOUNDING and HOME HEALTH, COSTA MESA"
2707,"RCS - Elsberry Pharmacy"
2796,"RCS - FARMACIA JARDINES TOA ALTA, TOA ALTA"
3126,"RCS - Katz Drugs, Brooklyn"
2765,"RCS - FAMILY PHARMACY OF LITTLEVILLE, RUSSELLVILLE"
2926,"RCS - GOOD NEIGHBORS FAMILY PHARMACY, WESTLAND"
3109,"RCS - Joe's Pharmacy"
3040,"RCS - HOMETOWN PHARMACY, RUSSELLVILLE"
3121,"RCS - JUNCTION BLVD PHARMACY"
2685,"RCS - EAST MAIN STREET CHEMISTS INC., MIDDLETOWN"
2915,"RCS - Gillespies Drugs - CALDWELL"
2876,"RCS - FRANHILL PHARMACY & SURGICAL"
3069,"RCS - Hyundai Drug"
3156,"RCS - LA Drugs"
2768,"RCS - FAMILY PHMCY OF RUSSELLVILLE, RUSSELLVILLE"
3117,"RCS - JONES DRUG STORE, NORTHPORT"
3113,"RCS - JOHNSONS PHARMACY LLC, BONIFAY"
2674,"RCS - DUNKINS PHARMACY, TUSCALOOSA"
2957,"RCS - HANCOCK PHARMACY, BRIDGEPORT"
2833,"RCS - FARMACIA SAVIA  #6"
2865,"RCS - FOREST COMMUNITY PHARMACY, LANSING"
2929,"RCS - GOREVILLE PROFESSIONAL PHARMAC, GOREVILLE"
2928,"RCS - GOODMAN PHARMACY & SURGICAL,IN, PASSAIC"
3151,"RCS - KNAPP PHARMACY"
2996,"RCS - Healthsmart Pharmacy--Benson"
3051,"RCS - Hospital Pharmacy"
3108,"RCS - Joes Pharmacy"
3044,"RCS - HOOVER PHARMACY LLC, HAMTRAMCK"
2912,"RCS - Gibson Pharmacy"
3158,"RCS - LA PHARMACY, ROSEMEAD"
3119,"RCS - JTJ Medical Supply"
2971,"RCS - Harrico Galler Drug Corp"
3072,"RCS - Infinity Care Solutions"
2965,"RCS - HARDINGS PHARMACY, KALAMAZOO"
2880,"RCS - FRD SAVMOR PHARMACY, HAMTRAMCK"
2828,"RCS - FARMACIA SAN MIGUEL"
3020,"RCS - Hitchcock's Pharmacy--Newberry"
2755,"RCS - FAMILY HEALTH CARE PHARMACY Gr, GRANT"
2720,"RCS - ESCO DRUG INC, NEW YORK"
2882,"RCS - French Drug"
2863,"RCS - Follansbee Pharmacy"
2784,"RCS - Farmacia Derkes, Guayama"
2776,"RCS - FARMACIA CARIBE, RIO GRANDE"
3043,"RCS - HOOVER DRUGS PLLC, WARREN"
2987,"RCS - Health Smart Pharmacy, Mooresville"
2947,"RCS - Gunnison Martket Pharmacy"
3050,"RCS - Horsnyder Hlth Mrt Pharmacy, SANTA CRUZ"
3045,"RCS - HOPE PHARMACY, CALEXICO"
2671,"RCS - Drug Mart, NEW YORK"
2735,"RCS - EXPRESS PHARMACY#3"
2824,"RCS - FARMACIA SAMARITANA II, GURABO"
3006,"RCS - HHC ONLY KOHLLS PHCY LVNWRTH"
2797,"RCS - FARMACIA JOMARI, PATILLAS"
2889,"RCS - Galleria Pharmacy"
2963,"RCS - HARDINGS PHARMACY"
2823,"RCS - FARMACIA SAMARITANA"
2767,"RCS - FAMILY PHARMACY, FALL BRANCH"
2887,"RCS - Gabler's Drug #2921"
2990,"RCS - Healthcare Pharmacy, Passaic"
2930,"RCS - Grace Pharmacy, DIAMOND BAR"
2703,"RCS - ELK HORN PHARMACY INC, ELK HORN"
2746,"RCS - Familicare, COMMERCE TOWNSHIP"
3100,"RCS - JAXX Pharmacy, JACKSONVILLE"
2910,"RCS - Getwell Pharmacy-Girard, Philadelphia"
2849,"RCS - Fenway Pharmacy At South End, Boston"
2694,"RCS - Eden Pharmacy"
2841,"RCS - FARMACIA YAMILA, AIBONITO"
3046,"RCS - HOPEWELL DRUGSTORE INC, HOPEWELL JUNCTION"
2809,"RCS - Farmacia Mia"
2794,"RCS - FARMACIA HOSPITAL AUXILIO MUTUO"
2900,"RCS - Gattoline Enterprises Inc dba Family Care Pharmacy"
2700,"RCS - El Toro Pharmacy"
3056,"RCS - HOWARD DRUGS"
2778,"RCS - Farmacia Cintron"
2664,"RCS - Downtown Drug - GLENWOOD SPRINGS"
2866,"RCS - Forest Hills Pharmacy, Forest Hills"
2936,"RCS - GREATER PHILADLEPHIA HLTH ACT, PHILADELPHIA"
2741,"RCS - FAIRFIELD PHARMACY, FAIRFIELD"
2956,"RCS - HANCOCK PHARMACY VII, NEW HAVEN"
3038,"RCS - HOMETOWN PHARMACY, PLAINVIEW"
2687,"RCS - East Pines Pharmacy"
2888,"RCS - Galena Pharmacy, Galena"
2723,"RCS - Eureka Pharmacy, Eureka"
2732,"RCS - EXPRESS PHARMACY - AVENAL"
2961,"RCS - HARBOR TOWN PHARMACY, ONTONAGON"
3024,"RCS - Hobbs Pharmacy United, Inc."
2939,"RCS - GREENBRIER MEDICAL ARTS, COVINGTON"
2695,"RCS - Edgepark Medical Supplies"
2868,"RCS - Forshag's Drugstore"
2665,"RCS - DOWNTOWN DRUG - WATERTOWN"
2678,"RCS - Eagle Lake Drugstore, Inc, Eagle Lake"
4374,"RCS - West Concord Pharmacy"
2738,"RCS - F B THOMAS DRUG STORE, MEYERSDALE"
3030,"RCS - Homedale Drug"
2709,"RCS - EMAAN PHARMACY INC., BROOKLYN"
3097,"RCS - Jackson Drugs, Inc."
2861,"RCS - Fletcher Allen Outpatient Pharmacy - Colchester"
3088,"RCS - J and B Kelly Inc dba Prescription Shop"
2782,"RCS - Farmacia Del Pueblo, Aguas Buenas"
2808,"RCS - Farmacia Mi Buen Vecino"
2886,"RCS - G & G DRUGS, EAST ORANGE"
2981,"RCS - HCMH Outpatient Pharmacy"
2989,"RCS - HEALTHCARE MEDICAL PHARMACY, MONTEREY PARK"
2864,"RCS - FOOTHILL PHARMACY, WOODLAKE"
2779,"RCS - Farmacia Constancia, Hormigueros"
2992,"RCS - HealthLine Pharmacy"
2931,"RCS - GRAND CARE PHARMACY, CHICKASHA"
2713,"RCS - EMPIRE SPECIALTY PHARMACY LLC, COCOA"
3110,"RCS - JOGI DISCOUNT PHARMACY"
2998,"RCS - Healthsmart Viewmount Pharmacy"
2668,"RCS - DRUG EMPORIUM #2 - RX, CHARLESTON"
3017,"RCS - Hirons Inc #2"
2684,"RCS - East Main Pharmacy, Waterbury"
2725,"RCS - EVERGREEN SHOP PHARMACY OTC, GLENDORA"
2950,"RCS - HACKENSACK UNIV MEDICAL CTR PLZ PHY, HACKENSACK"
2873,"RCS - FOX DRUG STORE INC., FOWLER"
3155,"RCS - LA BOTICA PHARMACY"
3000,"RCS - HEALTHY CONNECTIONS COMM PHCY, MENA"
3071,"RCS - Indaaz Inc DBA Estates Pharmacy"
3083,"RCS - IU HEALTH BLOOMINGTON RETAIL P, BLOOMINGTON"
2848,"RCS - FENNY PHARMACY, JERSEY CITY"
2675,"RCS - Dusini Drug, Medicine Shoppe 2056"
2681,"RCS - EAST HARLEM PHARMACY, NEW YORK"
3142,"RCS - KING PHARMACY"
2856,"RCS - First Pharmacy #5"
2708,"RCS - ELSDON MEDICAL PHARMACY, CHICAGO"
3079,"RCS - INWOOD PHARMACY, NEW YORK"
2890,"RCS - Galva Pharmacy"
2883,"RCS - Friends Pharmacy Inc, BROOKLYN"
2879,"RCS - FRANWIN PHARMACY"
2867,"RCS - FOREVER HEALTH PHARMACY INC., NEW YORK"
2800,"RCS - FARMACIA LA CONSTANCIA, MAYAGUEZ"
2789,"RCS - FARMACIA ESPINO INC."
2830,"RCS - Farmacia San Rafael Pharmacy"
2698,"RCS - EHARDTS PHARMACY- SANDUSKY"
3063,"RCS - HUNOLD PHARMACY"
3042,"RCS - Hoods Pharmacy"
3145,"RCS - Kingsway Pharmacy"
2758,"RCS - FAMILY MEDICINE RESIDENCY PHARMACY, GRAND FORKS"
2706,"RCS - ELMWAY PHARMACY INC, ELMHURST"
2922,"RCS - Goldenrod Pharmacy, ORLANDO"
2816,"RCS - FARMACIA PROFESIONAL"
2691,"RCS - Economy Drug Store, Hartwell"
3025,"RCS - Ho-Ho-Kus Pharmacy, Ho Ho Kus"
2949,"RCS - H Johnson Pharmacy"
3147,"RCS - Kinser Drug Store"
2748,"RCS - FAMILY CARE RX PHARMACY, JAMAICA"
3031,"RCS - HOMESTEAD COMMUNITY PHARMACY, HOMESTEAD"
2666,"RCS - Drug Depot dba Brookville Pharmacy"
2742,"RCS - Fairmont Pharmacy, Phoenix"
2893,"RCS - GARCIAS PHARMACY - HARLINGEN"
2759,"RCS - Family Pharmacy #1, Columbus"
2705,"RCS - ELMHURST DRUGS, ELMHURST"
2904,"RCS - Gen Rx Drugs"
2896,"RCS - Garfield Medical Square Pharmacy"
2878,"RCS - FRANKLIN PHARMACY"
2682,"RCS - East Hill Pharmacy"
3101,"RCS - Jeffco Rutledge Drugs dba Smith Drug Store"
2973,"RCS - HARRYS PHARMACY DEPT, NORTH BERGEN"
2977,"RCS - Hartzells Pharmacy, Catasauqua"
2872,"RCS - Fox Drug Store"
2813,"RCS - FARMACIA PABON, GUAYAMA"
2740,"RCS - FAIRFIELD PHARMACY INC, BROOKLYN"
2719,"RCS - ERIN DRUGS, ERIN"
3135,"RCS - Kent's Pharmacy - Plain City"
2663,"RCS - Downtown Discount Drugs"
3082,"RCS - IU HEALTH ADVANCED THERAPIES P, INDIANAPOLIS"
3027,"RCS - HOLLIS DISCOUNT PHARMACY, RIPLEY"
2769,"RCS - FAMILY PHYSICIANS OF SPARTANBU, SPARTANBURG"
3104,"RCS - JEFFS TOPCARE PHARMACY"
2844,"RCS - FARMACIAS SAVIA #3"
2729,"RCS - EXPRESS CARE PHARMACY LLC"
2943,"RCS - Greevers Drug Store"
2898,"RCS - Gary & Leo's Pharmacy"
3075,"RCS - Intra Drugs Artesia"
3065,"RCS - HUNTER HEALTH COMM PHARMACY, WICHITA"
2970,"RCS - HAROLD K REICHS PHARMACY"
2850,"RCS - Fenway Pharmacy, Boston"
2728,"RCS - EXCELCARE PHARMACY, SANTA ANA"
2798,"RCS - FARMACIA LA AMISTAD INC, TOA BAJA"
2952,"RCS - HANCOCK PHARMACY 2, BRIDGEPORT"
3033,"RCS - HOMETOWN PHARMACIES"
2871,"RCS - FOURTH AVENUE PHARMACY, NEWARK"
2860,"RCS - Fletcher Allen Outpatient Pharmacy"
3154,"RCS - Kurt's Prescription Center Pharmacy"
2911,"RCS - GIBSON DISCOUNT PHARMACY"
2941,"RCS - Greenfield Pharma & Surgical, Brooklyn"
3022,"RCS - HMH BARDSTOWN MEDICAL PLAZA PH, BARDSTOWN"
3073,"RCS - INNOVATIVE PHARMACEUTICAL SOLU, BRIGHTON"
2924,"RCS - Gonzalez Pharmacy Services, INC, HIALEAH"
2688,"RCS - Eastern Pharmacy"
2991,"RCS - HEALTHCORE COMMUNITY PHARMACY, WICHITA"
2827,"RCS - FARMACIA SAN MARTIN MANATI"
2851,"RCS - FIELD PHARMACY LLC, BERLIN"
3054,"RCS - HOWARD BEACH APOTHECARY"
3130,"RCS - Keene Pharmacy"
2966,"RCS - HARLEM HOSPITAL CENTER, NEW YORK"
2832,"RCS - FARMACIA SANTA ANA"
3070,"RCS - Idel Pharmacy"
2733,"RCS - EXPRESS PHARMACY #3"
2933,"RCS - Grand Street Pharmacy"
2859,"RCS - Fletcher Allen Outpatient"
2835,"RCS - FARMACIA TIERRAS NUEVAS, MANATI"
2884,"RCS - Frost Medical Pharmacy"
2662,"RCS - Downhome Pharmacy"
3161,"RCS - LAGNIAPPE PHARMACY 6"
3001,"RCS - HEALTHY LIVING RX LLC"
2978,"RCS - HAUSSEMANNS PHARMACY, PHILADELPHIA"
2855,"RCS - First Pharmacy #4"
3013,"RCS - HIGHLANDS COMMUNITY PHARMACY, ABINGDON"
2718,"RCS - Erickson Pharmacy"
2773,"RCS - FARMACIA BRISTOL, SANTA ANA"
2757,"RCS - FAMILY HEALTH CARE PHARMACY, WHITE CLOUD"
2988,"RCS - HEALTH SOURCE PLUS PHARMACY, L, KEW GARDENS"
2825,"RCS - Farmacia San Andres"
2802,"RCS - FARMACIA LECHUGA"
3019,"RCS - Hitchcock's Pharmacy--Alachua"
2938,"RCS - Greenbrier Medical Arts Pharmacy-WSS"
3136,"RCS - KENTS PHARMACY - ROY"
2894,"RCS - GARDEN PHARMACY, NEPTUNE"
2875,"RCS - FRANCISCAN PHARMACY"
2676,"RCS - Dutton Community Pharmacy"
2780,"RCS - Farmacia del Carmen - ARECIBO"
2822,"RCS - FARMACIA SAGRADO CORAZON INC, SABANA GRANDE"
3139,"RCS - Keyes Drug"
3021,"RCS - HL Pharmacy, FLUSHING"
3124,"RCS - KANEDA PHARMACY LLC, FLUSHING"
3144,"RCS - Kings Pharmacy"
2704,"RCS - Elm Grove Pharmacy"
2891,"RCS - Gamaliel Drugs"
3008,"RCS - Hicks Pharmacy"
2726,"RCS - Evers Pharmacy, Cambria Heights"
2908,"RCS - GERMANTOWN PHARMACY INC"
3007,"RCS - HHHCC ONCOLOGY PHARMACY"
3012,"RCS - Highland South Wedge Pharmacy"
3143,"RCS - KINGS BAY CHEMISTS INC"
2837,"RCS - FARMACIA TURABO GARDENS, CAGUAS"
2881,"RCS - FREEDOM PHARMACY LLC, MENA"
3102,"RCS - Jeffrey's Drug Store (MSI # 1962)"
2777,"RCS - FARMACIA CHARDON"
2812,"RCS - FARMACIA ONE STOP PRESCRIPTION"
2683,"RCS - EAST LEHIGH HEALTH PHARMACY, PHILADELPHIA"
2754,"RCS - family drug mart of poplarvill, POPLARVILLE"
2677,"RCS - Dyer Drug"
3068,"RCS - Hyatt's Market Pharmacy"
2792,"RCS - FARMACIA GENERICA RAMALLOSA, AGUAS BUENAS"
2918,"RCS - Glendale Pharmacy, Newport News"
2819,"RCS - Farmacia Reyes III"
3098,"RCS - Jai Bohle Inc dba AUM Pharmacy"
2817,"RCS - Farmacia Rapida - COAMO"
3055,"RCS - HOWARD BROWN HEALTH PHARMACY, CHICAGO"
2818,"RCS - Farmacia Reyes II"
2838,"RCS - FARMACIA VEGA ALTA, VEGA ALTA"
2940,"RCS - GREENE COMMUNITY PHARMACY, BROOKLYN"
3085,"RCS - Ivira Pharmacy"
2852,"RCS - FIRST CARE PHARMACY LLC, DAYTON"
3053,"RCS - Hot Springs"
2944,"RCS - Grieb's Darien Pharmacy"
3092,"RCS - J T L PHARMACY, LITTLE FERRY"
2788,"RCS - FARMACIA ESPERANZA, SAN JUAN"
3066,"RCS - Hurley Pharmacy"
3105,"RCS - Jelks Family Pharmacy"
3131,"RCS - Kemp's Pharmacy"
3148,"RCS - KIOSK PHARMACY, FLUSHING"
2909,"RCS - Getwell Pharmacy, Philiadelphia"
3067,"RCS - HWY 72 PHARMACY, KIRKLAND"
3146,"RCS - Kingwood Pharmacy, Kingwood"
3087,"RCS - J & D PHARMACY"
2845,"RCS - FARMACIAS SAVIA #4"
2934,"RCS - Grant Pharmacy"
2834,"RCS - FARMACIA SAVIA #7"
3125,"RCS - KASHAT PHARMACY, STERLING HEIGHTS"
2976,"RCS - HARTSVILLE PHARMACY LLC, HARTSVILLE"
2762,"RCS - FAMILY PHARMACY 2"
2905,"RCS - GEO PHARMACY, BROOKLYN"
3061,"RCS - HUDSON VIEW PHARMACY INC, NEWBURGH"
2958,"RCS - Hansaraj Inc dba Charlotte Pharmacy"
2799,"RCS - FARMACIA LA AURORA"
2854,"RCS - First Pharmacy #3"
3103,"RCS - JEFFS PHARMACY, MIDDLESBORO"
2699,"RCS - El Dorado Community Pharmacy"
2899,"RCS - GATEWAY APOTHECARY, ST LOUIS"
2736,"RCS - EXPRESS PHARMACY#4"
3032,"RCS - HOMETOWN DRUGS, HARRINGTON"
3090,"RCS - J Drugs"
2914,"RCS - Gil-Co Faith Pharmacy, Glenville"
2730,"RCS - Express Care Pharmacy, MCCOMB"
2745,"RCS - Fallston Pharmacy"
2785,"RCS - Farmacia El  Apotecario"
3036,"RCS - Hometown Pharmacy SEDRO WOOLLEY"
3018,"RCS - HIS PHARMACY, VEGA BAJA"
2869,"RCS - Foster Drug Co, Inc"
2693,"RCS - Ed Snell's Pharmacy Shop, Pocatello"
2697,"RCS - EDWARDS DISCOUNT PHARMACY, AYDEN"
2737,"RCS - Expressway Pharmacy, GRETNA"
2690,"RCS - Economy Drug"
3149,"RCS - Klein Drug Shoppe Inc., Snead"
2843,"RCS - FARMACIAS SAVIA #2"
3096,"RCS - JACKSON DISCOUNT PHARMACY, JACKSONVILLE"
2945,"RCS - GUARDIOLA PHARMACY, JACKSON HEIGHTS"
3009,"RCS - HIGHLAND OUTPATIENT PHARMACY, ROCHESTER"
2907,"RCS - GEORGETOWN APOTHECARY, GEORGETOWN"
2955,"RCS - HANCOCK PHARMACY VI, ANSONIA"
2807,"RCS - FARMACIA MERFI, MANATI"
3035,"RCS - Hometown Pharmacy and Medical"
3099,"RCS - Jared Brown Inc dba Salem Pharmacy"
2775,"RCS - Farmacia Campo Rico"
2951,"RCS - HACKENSACK UNIVERSITY MEDICAL CENTER, HACKENSACK"
3094,"RCS - JACKS DISCOUNT DRUGS, MIDLAND CITY"
2669,"RCS - DRUG EMPORIUM #3 - RX, CHARLESTON"
2853,"RCS - First Pharmacy #2"
3057,"RCS - Hoyt Pharmacy & Surgical Supplies, Brooklyn"
2917,"RCS - GLEN COVE CHEMIST"
3134,"RCS - Kent's Pharmacy"
2672,"RCS - Drugmasters Pharmacy, Garfield"
2920,"RCS - Global Drugs Inc, Brooklyn"
2771,"RCS - Farmacia Americana"
2791,"RCS - Farmacia Garden Hills"
2716,"RCS - Endless Mountains Pharmacy, Inc., Clifford"
3034,"RCS - HOMETOWN PHARMACY"
3010,"RCS - Highland Pharmacy"
3116,"RCS - Jolley's Sandy Pharmacy"
2916,"RCS - Girard Pharmacy"
3059,"RCS - Hudson Drug Store"
3004,"RCS - HERITAGE PHARMACY, FREEMAN"
2679,"RCS - EAST BERLIN PHARMACY INC, EAST BERLIN"
3137,"RCS - KENTUCKYCARE PHARMACY 06"
3078,"RCS - INWOOD PHARMACY AND SURGICAL SUPPLY INC, INWOOD"
2846,"RCS - FARMACIAS SAVIA #5"
2673,"RCS - Duchesne Valley Med Clinic Pharmacy"
3002,"RCS - HEFLIN QUALITY PHARMACY - LDR, HEFLIN"
2820,"RCS - FARMACIA RUBIO, MOROVIS"
3114,"RCS - JOHNSONS PHARMACY, HAZLETON"
2750,"RCS - Family Drug Mart #1"
2793,"RCS - FARMACIA GUISTI, BAYAMON"
3118,"RCS - Jones Pharmacy"
2734,"RCS - EXPRESS PHARMACY #7"
2806,"RCS - FARMACIA MENAY INC"
3076,"RCS - Intra Rx Drugs Lynwood"
3014,"RCS - Hilliard Pharmacy"
3138,"RCS - KentuckyCare Pharmacy 62"
2667,"RCS - DRUG EMPORIUM #1 - RX, BARBOURSVILLE"
3159,"RCS - Ladue Pharmacy"
2985,"RCS - Health Point Drugs Inc, BROOKLYN"
2935,"RCS - GRANT PHARMACY, BRONX"
2962,"RCS - Harding & Parker Pharmacy, Victoria"
3062,"RCS - Hume Pharmacy"
3141,"RCS - KINDRED CARE PHARMACY, CALABASAS"
3028,"RCS - Holly Park Pharmacy"
3015,"RCS - HINDMAN PHARMACY"
2994,"RCS - HealthSmart Pharmacy, CLAYTON"
3089,"RCS - J and M Pharmacy & Compounding Center"
3077,"RCS - INVICTUS PHARMACY CORP, BROOKLYN"
2821,"RCS - FARMACIA SAGRADO CORAZON"
3037,"RCS - Hometown Pharmacy, HAZARD"
3127,"RCS - KC PHARMACY"
3048,"RCS - HORIZON PHARMACY, JERSEY CITY"
2923,"RCS - GOLF MILL PHARMACY AND MEDICAL, NILES"
2764,"RCS - Family Pharmacy of Fulton, FULTON"
3112,"RCS - JOHNSON RX PHARMACY, CEDAR BLUFF"
2756,"RCS - FAMILY HEALTH CARE PHARMACY, BALDWIN"
3052,"RCS - Hospital Pharmacy West"
3080,"RCS - IRVING PHARMACY"
2840,"RCS - FARMACIA VILLALBA"
2972,"RCS - Harris Drug"
2948,"RCS - H and M Specialty dba Brookville Pharmacy and Well"
2689,"RCS - Econo Pharmacy, Gardena"
3060,"RCS - HUDSON PHARMACY"
2701,"RCS - ELFERS PHARMACY, NEW PORT RICHEY"
2964,"RCS - HARDINGS PHARMACY - SCHOOLCRAFT"
2680,"RCS - East Georgia Pharmacy"
2847,"RCS - Farmarket Bella Vista"
2999,"RCS - Healthstar Pharmacy"
2739,"RCS - FAIR OAKS COMMUNITY PHARMACY, REDWOOD CITY"
3005,"RCS - HHC ONLY KOHLLS PHCY   LINCOLN"
2836,"RCS - Farmacia Tu Receta"
2760,"RCS - Family Pharmacy #2 - COLUMBUS"
2862,"RCS - Flowood Drug Company"
2692,"RCS - ECONOMY DRUGS, HENDERSONVILLE"
3064,"RCS - Hunt Silver Lake"
2712,"RCS - EMPIRE PROFESSIONAL PHARMACY, GLEN BURNIE"
2810,"RCS - FARMACIA MONTEBELLO"
2968,"RCS - Harmon's Drug Store"
2906,"RCS - George Parks Pharmacy"
2874,"RCS - FOX DRUG STORE PARLIER, PARLIER"
3153,"RCS - Krowns Pharmacy Inc.., JAMAICA"
3084,"RCS - Ivey's Pharmacy"
2717,"RCS - Ephraim Market Fresh Pharmacy"
3120,"RCS - Julie Pharmacy, New York"
2897,"RCS - GARROS DRUGS, UTICA"
2795,"RCS - FARMACIA ISAURAMAR INC"
2903,"RCS - Gelson's Pharmacy - RANCHO MIRAGE"
2743,"RCS - FAITHFUL PHARMACY, EDISON"
2749,"RCS - Family Drug Center #1"
2932,"RCS - GRAND PHARMACY"
2953,"RCS - HANCOCK PHARMACY III, BRIDGEPORT"
2770,"RCS - Fans Family Pharmacy, ROSEVILLE"
3106,"RCS - JEROME DRUG"
2786,"RCS - FARMACIA EL JUNCO, ARECIBO"
2870,"RCS - FOUNTAIN SQUARE PHARMACY"
3095,"RCS - Jacks Market Pharmacy"
2942,"RCS - GREENVALE PHARMACY"
2722,"RCS - Ethical Drugs"
3023,"RCS - HMH COMMUNITY PHARMACY, ELIZABETHTOWN"
2686,"RCS - East Norriton Pharmacy"
3029,"RCS - HOLY FAMILY PLAZA PHARMACY, DES PLAINES"
2967,"RCS - HARLINGEN PHARMACY, HARLINGEN"
3128,"RCS - KEDVON PHARMACY INTEGRATIONS,, BUFFALO GROVE"
2747,"RCS - Family Care Drugs, Flushing"
3016,"RCS - Hirons Inc #1"
2670,"RCS - DRUG MART OF SUFFERN INC, SUFFERN"
3081,"RCS - Island Pharmacy"
2980,"RCS - HAXTUN HOSPITAL DISTRICT PHARM"
2752,"RCS - FAMILY DRUG MART #3, SLIDELL"
2927,"RCS - Good Price Pharmacy - LOS ANGELES"
2975,"RCS - HARTFORD PHARMACY, HARTFORD"
2857,"RCS - First Pharmacy #7"
2995,"RCS - Healthsmart Pharmacy, Newton"
3129,"RCS - KEDVON PHARMACY SOLUTIONS, INC, WHEELING"
3091,"RCS - J DRUGS II"
2954,"RCS - HANCOCK PHARMACY V, MIDDLETOWN"
3201,"RCS - Liberty Drug, Chickasha"
3525,"RCS - Medicine Shoppe, Orinda - #1718"
3282,"RCS - Marlboro Medical Arts Pharmacy"
3634,"RCS - Modern Remedies"
3589,"RCS - MEDMERICA DISCOUNT PHARMACY, BROOKLYN"
3247,"RCS - LTC Prescription Providers"
3372,"RCS - Medicap Pharmacy, Stuart - #8424"
3432,"RCS - Medicine Shoppe, Clarion - #1204"
3274,"RCS - Marion Family Pharmacy"
3424,"RCS - Medicine Shoppe, Camarillo #1152"
3533,"RCS - Medicine Shoppe, Pittsburgh - #1846"
3229,"RCS - LONGWOOD DRUG & SURGICAL INC"
3579,"RCS - Medicine Shoppe, Whiting - #1351"
3534,"RCS - Medicine Shoppe, Punta Gorda #1441"
3524,"RCS - Medicine Shoppe, Ontario - #0775"
3539,"RCS - Medicine Shoppe, Richmond - #0654"
3446,"RCS - Medicine Shoppe, Covington - #0344"
3193,"RCS - Lehigh Discount Drugs"
3179,"RCS - Lees Drugs, Floral Park"
3447,"RCS - Medicine Shoppe, Crowley- #1121"
3270,"RCS - MARENGO COMMUNITY PHARMACY INC, MARENGO"
3178,"RCS - Lee Road Family Pharmacy, COVINGTON"
3618,"RCS - MIG Rx Corp dba Tri Care Pharmacy"
3311,"RCS - MEDICAL CENTER PHARMACY, MIDLAND"
3548,"RCS - Medicine Shoppe, Santa Barbara - #0793"
3187,"RCS - Lee's Niles Drug"
3467,"RCS - Medicine Shoppe, Fresno - #0714"
3515,"RCS - Medicine Shoppe, New Port Richey #0706"
3177,"RCS - LEE & PICKELS DRUG STORE"
3172,"RCS - Lakeland Pharmacy"
3423,"RCS - Medicine Shoppe, Butler - #0645"
3299,"RCS - McGrath Pharmacy"
3421,"RCS - Medicine Shoppe, Brandon - #1731"
3236,"RCS - LOVES PHARMACY #2, INC"
3231,"RCS - LOS FRESNOS PHCY, LOS FRESNOS"
3400,"RCS - Medicine Shoppe Pharmacy, Old Saybrook - #2024"
3448,"RCS - Medicine Shoppe, Cumberland - #2005"
3357,"RCS - Medicap Pharmacy, Madrid - #8350"
3190,"RCS - LEGEND DRUGS 1 LLC, BRONX"
3254,"RCS - Mabels Pharmacy, ELIZABETH"
3462,"RCS - Medicine Shoppe, Fargo - #0080"
3204,"RCS - LIFECARE PHARMACY"
3253,"RCS - LUTHERAN PHARMACY, BROOKLYN"
3495,"RCS - Medicine Shoppe, Lehigh Acres - #0651"
3266,"RCS - MANSFIELD DRUG CO., MANSFIELD"
3382,"RCS - MEDICINE PARK PHARMACY, SANFORD"
3308,"RCS - Medical Arts Pharmacy, Lawrence"
3205,"RCS - Lifecare Pharmacy of  Austin LLC"
3648,"RCS - MORRISONS PHARMACY"
3625,"RCS - Mini Thuong XA Pharmacy Inc - CHICAGO"
3459,"RCS - Medicine Shoppe, Dunedin #1277"
3162,"RCS - LAGNIAPPE PHARMACY 7"
3468,"RCS - Medicine Shoppe, Fresno - #0731"
3563,"RCS - Medicine Shoppe, Sterling Height - #1408"
3656,"RCS - Mountain Lake Pharmacy, Summersville"
3394,"RCS - Medicine Shoppe Pharmacy, Lake Elsinore - #2143"
3580,"RCS - Medicine Shoppe, Wood River - #0062"
3624,"RCS - MINFORD PHARMACY, MINFORD"
3460,"RCS - Medicine Shoppe, El Paso - #1247"
3306,"RCS - Medford Chemists Inc (LTC)"
3390,"RCS - Medicine Shoppe Pharmacy 2126"
3353,"RCS - Medicap Pharmacy, Indianola - #8405"
3475,"RCS - Medicine Shoppe, Greenville - #2015"
3449,"RCS - Medicine Shoppe, Dallas - #1251"
3333,"RCS - Medicap Pharmacy, Concord - #8281"
3342,"RCS - Medicap Pharmacy, Eldorado - #8089"
3652,"RCS - MOTT HAVEN PHARMACY"
3535,"RCS - Medicine Shoppe, Punxsutawney - #1094"
3605,"RCS - MESA PHARMACY"
3340,"RCS - Medicap Pharmacy, Des Moines - #8347"
3163,"RCS - LAGNIAPPE PHARMACY 8, THIBODAUX"
3631,"RCS - MISSION PLAZA PHARMACY, MISSION"
3545,"RCS - Medicine Shoppe, Salisbury - #0445"
3337,"RCS - Medicap Pharmacy, Des Moines - #8010"
3325,"RCS - Medicap Pharmacy, Audubon - #8051"
3554,"RCS - Medicine Shoppe, Silver Spring - #1802"
3479,"RCS - Medicine Shoppe, Hermitage #0419"
3480,"RCS - Medicine Shoppe, Huntingdon - #1284"
3281,"RCS - Mark's Pharmacy"
3561,"RCS - Medicine Shoppe, St. Charles - #0564"
3361,"RCS - Medicap Pharmacy, Newport News #8400"
3542,"RCS - Medicine Shoppe, Rockville - #1442"
3541,"RCS - Medicine Shoppe, Rockledge  -#0720"
3457,"RCS - Medicine Shoppe, Downingtown - #1905"
3505,"RCS - Medicine Shoppe, Mechanicsburg - #0952"
3483,"RCS - Medicine Shoppe, Independence - #1191"
3498,"RCS - Medicine Shoppe, Los Angeles - #0538"
3544,"RCS - Medicine Shoppe, Salem #0596"
3584,"RCS - MEDICO PHARMACY, LOS ANGELES"
3481,"RCS - Medicine Shoppe, Huntington - #0290"
3445,"RCS - Medicine Shoppe, Concord - #0079"
3362,"RCS - Medicap Pharmacy, Newton - #8023"
3417,"RCS - Medicine Shoppe, Binghamton - #1517"
3497,"RCS - Medicine Shoppe, Liberty - #1576"
3526,"RCS - Medicine Shoppe, Overland - #1717"
3469,"RCS - Medicine Shoppe, Ft. Lauderdale -#0249"
3402,"RCS - Medicine Shoppe Pharmacy, Palm Springs - #2149"
3383,"RCS - Medicine Shoppe"
3517,"RCS - Medicine Shoppe, Newport - #1314"
3640,"RCS - Montross Pharmacy - Earlham"
3280,"RCS - Market Street Pharmacy, New Castle"
3503,"RCS - Medicine Shoppe, McKees Rocks - #1435"
3472,"RCS - Medicine Shoppe, Gibson City - #1297"
3379,"RCS - MEDICINE CABINET PHARMACY, Jericho"
3506,"RCS - Medicine Shoppe, Melbourne - #1487"
3168,"RCS - LAKE PHARMACY - HIDDEN VALLEY LAKE"
3314,"RCS - MEDICAL PLAZA PHARMACY - BLACKFOOT"
3296,"RCS - MCCORTNEY FAM PHY AND COMPOUND, ADA"
3434,"RCS - Medicine Shoppe, Clarksville - #0563"
3644,"RCS - MONUMENT VALLEY HEALTH CENTER, MONUMENT VALLEY"
3450,"RCS - Medicine Shoppe, Dallas - #1427"
3192,"RCS - LEGENDS PHARMACY, WEST MONROE"
3407,"RCS - Medicine Shoppe, Aliquippa - #0353"
3303,"RCS - MED RX, BRONX"
3277,"RCS - Market Basket Pharmacy #17"
3489,"RCS - Medicine Shoppe, Kansas City - #0188"
3659,"RCS - MT OLIVE PHARMACY, MOUNT OLIVE"
3419,"RCS - Medicine Shoppe, Bladenboro - #0230"
3431,"RCS - Medicine Shoppe, Christiansted #1886"
3537,"RCS - Medicine Shoppe, Rapid City - #1951"
3564,"RCS - Medicine Shoppe, Tampa - #1804"
3332,"RCS - Medicap Pharmacy, Clermont - #8385"
3363,"RCS - Medicap Pharmacy, Norwalk - #8230"
3512,"RCS - Medicine Shoppe, Nacogdoches - #0937"
3521,"RCS - Medicine Shoppe, Oak Grove - #1136"
3355,"RCS - Medicap Pharmacy, Kearney - #8342"
3343,"RCS - Medicap Pharmacy, Erie - #8291"
3171,"RCS - Lakeland Drug Co"
3649,"RCS - Morristown Medical Center Pharmacy, Morristown"
3242,"RCS - Lowe's Marketplace #45"
3581,"RCS - Medicine Shoppe, York - #0434"
3404,"RCS - Medicine Shoppe Pharmacy, Punxsutawney - #2003"
3591,"RCS - Med-Save 2 LLC d/b/a Med-Save Grayson, Grayson - #2068"
3626,"RCS - MINNICHS COLONIAL PHY LTC, YORK"
3396,"RCS - Medicine Shoppe Pharmacy, Martin - #2070"
3264,"RCS - MAIN ST PHARMACY, KILMARNOCK"
3527,"RCS - Medicine Shoppe, Oxnard- #0383"
3338,"RCS - Medicap Pharmacy, Des Moines - #8011"
3399,"RCS - Medicine Shoppe Pharmacy, Nicholasville - #2155"
3395,"RCS - Medicine Shoppe Pharmacy, Lexington - #2158"
3375,"RCS - Medicap Pharmacy, Urbandale- #8008"
3344,"RCS - Medicap Pharmacy, Galloway - #8197"
3218,"RCS - LIVINGWORD PHARMACY INC, Brooklyn"
3555,"RCS - Medicine Shoppe, Slidell - #0025"
3397,"RCS - Medicine Shoppe Pharmacy, Menomonie - #2065"
3387,"RCS - Medicine Shoppe Pharmacy - #2150"
3453,"RCS - Medicine Shoppe, De Soto - #1376"
3474,"RCS - Medicine Shoppe, Grayling - #1675"
3425,"RCS - Medicine Shoppe, Camillus - #1248"
3217,"RCS - Live Oak Pharmacy Inc"
3374,"RCS - Medicap Pharmacy, Toledo - #8019"
3573,"RCS - Medicine Shoppe, Ventura - #0387"
3391,"RCS - Medicine Shoppe Pharmacy, Chittenango - #2004"
3560,"RCS - Medicine Shoppe, St Clair - #0961"
3258,"RCS - MACON PHARMACY, MACON"
3610,"RCS - Michael's Prescription Corner"
3562,"RCS - Medicine Shoppe, St. Louis - #0832"
3426,"RCS - Medicine Shoppe, Cape Girardeau - #0312"
3203,"RCS - LIFE CARE PHARMACY"
3540,"RCS - Medicine Shoppe, Ridgway - #1938"
3276,"RCS - MARIOS RX PHARMACY"
3428,"RCS - Medicine Shoppe, Chanute-#1137"
3176,"RCS - LEASE DRUG"
3186,"RCS - LEES MARKETPLACE RICHMOND PHARMACY"
3365,"RCS - Medicap Pharmacy, Owasso - #8299"
3406,"RCS - Medicine Shoppe, Affton - #0128"
3252,"RCS - LUQUILLO PHARMACY"
3209,"RCS - Lincoln Pharmacy, Pittsburgh"
3598,"RCS - MELANIES HOMETOWN PHARMACY, HUDSON"
3572,"RCS - Medicine Shoppe, Valley Park - #1492"
3546,"RCS - Medicine Shoppe, San Benito - #0378"
3653,"RCS - Moultons Pharmacy, Crestsview"
3519,"RCS - Medicine Shoppe, North Little Rock - #1686"
3622,"RCS - MILLBROOK PHARMACY, MILLBROOK"
3655,"RCS - MOUNTAIN GROVE PHARMACY, MOUNTAIN GROVE"
3169,"RCS - Lake Pharmacy, Eustis"
3257,"RCS - MACKINAW STREET PHARMACY"
3530,"RCS - Medicine Shoppe, Pevely- #1985"
3443,"RCS - Medicine Shoppe, Colorado Springs - #1146"
3239,"RCS - Lowell's Pharmacy"
3614,"RCS - MIDLOTHIAN APOTHECARY, MIDLOTHIAN"
3380,"RCS - Medicine Care II"
3320,"RCS - Medicap Pharmacy, Allentown - #8360"
3334,"RCS - Medicap Pharmacy, Conroe - #8287"
3359,"RCS - Medicap Pharmacy, Meridian - #8362"
3373,"RCS - Medicap Pharmacy, Talent- #8178"
3643,"RCS - MONUMENT HEALTH HOME PLUS PHARMACY"
3516,"RCS - Medicine Shoppe, New Smyrna Beach - #0089"
3595,"RCS - MEDTIME PHARMACY"
3509,"RCS - Medicine Shoppe, Montgomery City - #1696"
3412,"RCS - Medicine Shoppe, Apopka - #1934"
3437,"RCS - Medicine Shoppe, Cloquet  #0108"
3458,"RCS - Medicine Shoppe, Dubois - #0891"
3473,"RCS - Medicine Shoppe, Glen Burnie - #0658"
3215,"RCS - LITTLE VILLAGE PHARMACY INC, CHICAGO"
3241,"RCS - Lowe's Marketplace #38"
3633,"RCS - MODERN PHARMACY INC, DANVILLE"
3409,"RCS - Medicine Shoppe, Altoona- #0269"
3235,"RCS - Love Pharmacy, Hialeah"
3212,"RCS - LINS PHARMACY"
3466,"RCS - Medicine Shoppe, Franklin- #0362"
3268,"RCS - Maplewood Pharmacy"
3487,"RCS - Medicine Shoppe, Jerseyville - #1046"
3323,"RCS - Medicap Pharmacy, Ankeny  - #8015"
3510,"RCS - Medicine Shoppe, Mosheim- #1994"
3261,"RCS - MAIL-MEDS CLINICAL PHARMACY"
3494,"RCS - Medicine Shoppe, Leesburg - #1727"
3587,"RCS - MEDISERV PHARMACY, BRONX"
3166,"RCS - Lake Martin Pharmacy, Dadeville"
3639,"RCS - MONTEZUMA CREEK CHC PHARMACY, MONTEZUMA"
3295,"RCS - MCCARTHYS PHARMACY, STANDFORDVILLE"
3260,"RCS - Maiden Drug"
3585,"RCS - Medi-K Inc dba MedSource Pharmacy"
3173,"RCS - LANGLEY DRUG COMPANY, LANGLEY"
3384,"RCS - Medicine Shoppe - LANCASTER"
3255,"RCS - MACEYS INC"
3210,"RCS - LINDEN PHARMA, INC., BROOKLYN"
3551,"RCS - Medicine Shoppe, Shelton - #0106"
3586,"RCS - MEDINA PHARMACY"
3478,"RCS - Medicine Shoppe, Hemet - #0299"
3531,"RCS - Medicine Shoppe, Pittsburgh - #0838"
3326,"RCS - Medicap Pharmacy, Austin - #8213"
3599,"RCS - MEMORIAL PHARMACY - OUTPATIENT, CHATTANOOGA"
3289,"RCS - Martin's Pharmacy #203"
3346,"RCS - Medicap Pharmacy, Greenfield - #8190"
3230,"RCS - LOPEZ PHARMACY"
3349,"RCS - Medicap Pharmacy, Harrisonburg - #8366"
3650,"RCS - Morristown Pharmacy, Morristown - #8431"
3367,"RCS - Medicap Pharmacy, Parma - #8391"
3661,"RCS - MTM PHARMACY"
3174,"RCS - LARRYS FAMILY PHARMACY"
3418,"RCS - Medicine Shoppe, Bismarck -#0476"
3490,"RCS - Medicine Shoppe, Lancaster - #2006"
3305,"RCS - MED-AID PHARMACY"
3582,"RCS - Medicine Stop (MSI # 1964)"
3571,"RCS - Medicine Shoppe, Valdosta - #1281"
3364,"RCS - Medicap Pharmacy, Nyssa - #8435"
3312,"RCS - Medical Center Pharmacy, New Tazewell"
3188,"RCS - LEES PHARMACY NORTH, MCALLEN"
3403,"RCS - Medicine Shoppe Pharmacy, Phelan - #2062"
3351,"RCS - Medicap Pharmacy, Huntington - #8317"
3461,"RCS - Medicine Shoppe, El Paso - #1736"
3279,"RCS - Market Basket Pharmacy #47"
3319,"RCS - Medicap  Pharmacy Casper, Casper - #8432"
3316,"RCS - Medical Plaza Pharmacy, Corpus Christi"
3518,"RCS - Medicine Shoppe, Newton - #1339"
3286,"RCS - Martinez Pharmacy"
3222,"RCS - LOCATEL HEALTH and WELLNESS, MIAMI"
3604,"RCS - MERRITT STAR PHARMACY, BALTIMORE"
3496,"RCS - Medicine Shoppe, Lewiston - #0550"
3307,"RCS - MEDICAL ARTS PHARMACY - HOMESTEAD"
3228,"RCS - Lonesome Pine Economy Drug"
3244,"RCS - Lowe's Marketplace Pharmacy #31, Kermit"
3508,"RCS - Medicine Shoppe, Milford - #1873"
3566,"RCS - Medicine Shoppe, Tiffin - #0298"
3621,"RCS - MILLBROOK PHARMACY, INC, St louis"
3287,"RCS - Martin's Pharmacy"
3251,"RCS - Luper Corp dba 40th Street Pharmacy"
3607,"RCS - MHP PHARMACY TRIATRIA, FARMINGTON HILLS"
3256,"RCS - Macey's Santaquin"
3557,"RCS - Medicine Shoppe, Somerset - #0534"
3181,"RCS - Lee's MarketPlace - Foxboro Pharmacy"
3616,"RCS - Midtown Pharmacy"
3354,"RCS - Medicap Pharmacy, Jefferson - #8012"
3565,"RCS - Medicine Shoppe, Thousand Oaks - #1508"
3246,"RCS - Lst Garden Pharmacy Inc"
3199,"RCS - Lexington Discount Drugs"
3200,"RCS - LEXINGTON PRESCRIPTION CENTER, LEXINGTON"
3651,"RCS - MOTOR CITY PHARMACY CORP, DETROIT"
3377,"RCS - Medicap Pharmacy, Winterset - #8057"
3636,"RCS - Molina's Pharmacy"
3352,"RCS - Medicap Pharmacy, Indianola - #8036"
3272,"RCS - MARINA DEL REY PHARMACY"
3529,"RCS - Medicine Shoppe, Penn Hills - #0374"
3322,"RCS - Medicap Pharmacy, Ames - #8003"
3250,"RCS - LUMIT PHARMACY, BRONX"
3645,"RCS - Morgan's Professional Pharmacy"
3608,"RCS - Michael's Pharmacy"
3454,"RCS - Medicine Shoppe, Deer Park - #1788"
3291,"RCS - MASTROLIA PHARMACY, JERSEY CITY"
3321,"RCS - Medicap Pharmacy, Altoona - #8240"
3615,"RCS - Midtown Express Pharmacy"
3378,"RCS - Medicine Arts Pharmacy, BOWLING GREEN"
3629,"RCS - MISIR PHARMACY, NAPLES"
3486,"RCS - Medicine Shoppe, Jeannette - #0430"
3435,"RCS - Medicine Shoppe, Clarksville - #1536"
3288,"RCS - Martins Pharmacy # 204"
3195,"RCS - LENOX TERRACE PHARMACY, NEW YORK"
3635,"RCS - Moduna Pharmacy"
3348,"RCS - Medicap Pharmacy, Grinnell - # 8007"
3523,"RCS - Medicine Shoppe, Onsted - #1822"
3646,"RCS - Morris Plains Pharmacy, Morris Plains"
3300,"RCS - Mclean Pharmacy, MCLEAN"
3191,"RCS - LEGENDS PHARMACY, SAN ANTONIO"
3245,"RCS - LS SAVMOR PHARMACY, LAKE ORION"
3182,"RCS - Lee's MarketPlace - Heber City Pharmacy"
3339,"RCS - Medicap Pharmacy, Des Moines - #8052"
3297,"RCS - McDonald Pharmacy, McDonald"
3350,"RCS - Medicap Pharmacy, Harrisonburg - #8396"
3220,"RCS - Lloyds Pharmacy"
3492,"RCS - Medicine Shoppe, Largo - #1850"
3293,"RCS - Maxim Pharmacy"
3416,"RCS - Medicine Shoppe, Bentleyville - #1995"
3538,"RCS - Medicine Shoppe, Rexburg - #0517"
3637,"RCS - MONSERRATE PHARMACY"
3627,"RCS - Minnich's Pharmacy"
3309,"RCS - MEDICAL ARTS PHARMACY, NEWBURGH"
3597,"RCS - MEGA DRUGS"
3345,"RCS - Medicap Pharmacy, Glenwood - #8406"
3259,"RCS - MADINA DRUGS CORP"
3452,"RCS - Medicine Shoppe, Danville - #1503"
3180,"RCS - LEES LEGEND PHCY AND MED EQUIP CO, MCALLEN"
3620,"RCS - MIL RUE CHEMISTS, RIDGEWOOD"
3398,"RCS - Medicine Shoppe Pharmacy, Montclair - #2109"
3556,"RCS - Medicine Shoppe, Smyrna - #1783"
3567,"RCS - Medicine Shoppe, Tomah - #1798"
3536,"RCS - Medicine Shoppe, Rapid City - #0461"
3488,"RCS - Medicine Shoppe, Jonesborough - #1306"
3202,"RCS - LIBERTY PHARMACY INC"
3553,"RCS - Medicine Shoppe, Silver Spring - #1423"
3641,"RCS - Montross Pharmacy - Winterset"
3360,"RCS - Medicap Pharmacy, Millvale - #8079"
3578,"RCS - Medicine Shoppe, Westlake Village- #2008"
3335,"RCS - Medicap Pharmacy, Creston - #8034"
3196,"RCS - Leroy Pharmacy"
3594,"RCS - Medsource Pharmacy"
3318,"RCS - Medical Village Apothecary"
3438,"RCS - Medicine Shoppe, Cloquet - #1554"
3198,"RCS - LEXINGTON AVENUE PHARMACY, NEW YORK"
3317,"RCS - Medical Square"
3577,"RCS - Medicine Shoppe, Washington- #0233"
3410,"RCS - Medicine Shoppe, Anaheim - #0212"
3269,"RCS - MARCROMS PHARMACY, MANCHESTER"
3504,"RCS - Medicine Shoppe, Mechanicsbug - #2009"
3283,"RCS - Marra's Drug"
3327,"RCS - Medicap Pharmacy, Barnegat - #8265"
3405,"RCS - Medicine Shoppe Pharmacy, YREKA - #2147"
3234,"RCS - Louisa Drug"
3415,"RCS - Medicine Shoppe, Benson - #1569"
3411,"RCS - Medicine Shoppe, Apalachin - #1518"
3194,"RCS - Lemed Pharmacy III"
3612,"RCS - MIDLAND PHARMACY, ROY"
3393,"RCS - Medicine Shoppe Pharmacy, Johnson City - #2141"
3366,"RCS - Medicap Pharmacy, Panora - #8211"
3647,"RCS - MORRISON CLINIC PHARMACY"
3602,"RCS - MERCY CARE PHARMACY, ATLANTA"
3628,"RCS - MISHKINS PHARMACY, NEW YORK"
3558,"RCS - Medicine Shoppe, South Hills- #0880"
3294,"RCS - Maynardville Drug"
3427,"RCS - Medicine Shoppe, Cedar Grove - #1364"
3507,"RCS - Medicine Shoppe, Mexico - #1111"
3301,"RCS - McNeill's LTC Pharmacy"
3451,"RCS - Medicine Shoppe, Danielsville - #1527"
3275,"RCS - Marion Prescription"
3376,"RCS - Medicap Pharmacy, Waukee - #8256"
3237,"RCS - LOVES PHARMACY & GIFTS, INC., PASS CHRISTIAN"
3547,"RCS - Medicine Shoppe, San Jacinto - #0454"
3464,"RCS - Medicine Shoppe, Fishkill - #2013"
3183,"RCS - LEES MARKETPLACE - LOGAN PHARMACY"
3592,"RCS - Med-Save LLC d/b/a Med-Save Berea, Berea - #2069"
3227,"RCS - Lombardi Rosa Pharmacy, SANTA ROSA"
3660,"RCS - MT. BLUE DRUG"
3477,"RCS - Medicine Shoppe, Hartfield - #1177"
3401,"RCS - Medicine Shoppe Pharmacy, PACIFIC - #2120"
3429,"RCS - Medicine Shoppe, Chesterfield- #1965"
3617,"RCS - Midtown Pharmacy, Mobile"
3329,"RCS - Medicap Pharmacy, Boone - #8207"
3574,"RCS - Medicine Shoppe, Ventura #1422"
3619,"RCS - Mike's Pharmacy, Myerstown"
3606,"RCS - Methodist Retail Pharmacy"
3442,"RCS - Medicine Shoppe, Colorado Springs - #0437"
3552,"RCS - Medicine Shoppe, Sherman - #0708"
3315,"RCS - MEDICAL PLAZA PHARMACY & LTC,, CORPUS CHRISTI"
3221,"RCS - Locatel Health and Wellness Phcy, Hallandale"
3213,"RCS - LISCIO PHARMACY, BRONX"
3600,"RCS - Menaul Compounding Pharmacy LLC, ALBUQUERQUE"
3583,"RCS - MEDICINE TO GO PHARMACIES, LAKEWOOD"
3436,"RCS - Medicine Shoppe, Cleveland- #1719"
3456,"RCS - Medicine Shoppe, Dickinson - #0541"
3559,"RCS - Medicine Shoppe, Spokane - #0112"
3433,"RCS - Medicine Shoppe, Clark Summit - #1126"
3601,"RCS - Merced Pharmacy"
3576,"RCS - Medicine Shoppe, W Hartford - #1096"
3491,"RCS - Medicine Shoppe, LaPlace - #1030"
3238,"RCS - LOVES PHARMACY, INC, OCEAN SPRINGS"
3265,"RCS - Manchester Pharmacy LLC"
3611,"RCS - Michaels Prescription Corner Eunice, EUNICE"
3164,"RCS - Lahser Medical Pharmacy LLC"
3613,"RCS - Midlothian Apothecary Watkins Centre, MIDLOTHIAN"
3175,"RCS - LC SCRIPTS PHARMACY & COMPOUND, WESTMINSTER"
3331,"RCS - Medicap Pharmacy, Carlisle - #8247"
3568,"RCS - Medicine Shoppe, Trinity - #1939"
3197,"RCS - Lexcare Pharmacy"
3569,"RCS - Medicine Shoppe, Two Rivers - #1564"
3513,"RCS - Medicine Shoppe, New Castle - #1549"
3232,"RCS - LOS PALACIOS MEDICAL SUPPLIES & PHA"
3388,"RCS - Medicine Shoppe Pharmacy #2123, Riverside - #2123"
3603,"RCS - MERCY PHARMACY & SURGICAL INC., WOODSIDE"
3389,"RCS - Medicine Shoppe Pharmacy #2133"
3243,"RCS - Lowe's Marketplace #55"
3511,"RCS - Medicine Shoppe, Mt. Vernon - #0560"
3189,"RCS - Legacy Pharmacy, ORLANDO"
3226,"RCS - LOMBARD PHARMACY"
3240,"RCS - Lowe's Marketplace #08"
3657,"RCS - Mountain Laurel Community Pharmacy, OAKLAND"
3471,"RCS - Medicine Shoppe, GEORGETOWN #1386"
3413,"RCS - Medicine Shoppe, Artesia - #0742"
3302,"RCS - McNeill's Pharmacy"
3408,"RCS - Medicine Shoppe, Altavista - #1500"
3233,"RCS - LOTUS PHARMACY"
3632,"RCS - MOBY DRUGS, FARMINGDALE"
3304,"RCS - Med Save IV, Lancaster - #2111"
3630,"RCS - MISSION PHARMACY"
3381,"RCS - Medicine Mart, Aiken"
3596,"RCS - MED-X PHARMACY"
3369,"RCS - Medicap Pharmacy, Raleigh - #8286"
3470,"RCS - Medicine Shoppe, Ft. Plain - #1772"
3549,"RCS - Medicine Shoppe, Saraland #1402"
3271,"RCS - Marhaba Pharmacy, BROOKLYN"
3263,"RCS - MAIN RX PHARMACY"
3284,"RCS - MARTIN DRUGS of RIVERHEAD INC, RIVERHEAD"
3371,"RCS - Medicap Pharmacy, Spanish Fort - #8244"
3485,"RCS - Medicine Shoppe, Jamestown - # 0545"
3170,"RCS - LAKE PHARMACY, JACKSONVILLE"
3654,"RCS - MOUNT SHASTA PHARMACY"
3292,"RCS - Mathews Pharmacy"
3528,"RCS - Medicine Shoppe, Pasco - #0292"
3324,"RCS - Medicap Pharmacy, Anna- #8319"
3224,"RCS - LOGAN PROFESSIONAL PHCY, HERRIN"
3902,"RCS - Professional Drug"
3347,"RCS - Medicap Pharmacy, Grimes - #8318"
3285,"RCS - MARTIN PHARMACY, LOS ANGELES"
3623,"RCS - MILLER BROTHERS PHARMACY, MADISON"
3514,"RCS - Medicine Shoppe, New Hartford - #1457"
3465,"RCS - Medicine Shoppe, Fort Ashby - #1986"
3570,"RCS - Medicine Shoppe, Urbana - #1202"
3358,"RCS - Medicap Pharmacy, Massillon - #8200"
3420,"RCS - Medicine Shoppe, Boyertown - #1348"
3588,"RCS - MEDLIFE PHARMACY"
3330,"RCS - Medicap Pharmacy, Caldwell #8438"
3444,"RCS - Medicine Shoppe, Columbia - #1213"
3638,"RCS - Monte Vista Medical Clinic Pharmacy"
3208,"RCS - LINCOLN PHARMACY, BROOKLYN"
3278,"RCS - Market Basket Pharmacy #43"
3441,"RCS - Medicine Shoppe, Colorado Springs - #0014"
3392,"RCS - Medicine Shoppe Pharmacy, Hesperia - #2019"
3575,"RCS - Medicine Shoppe, Visalia - #0917"
3206,"RCS - LIFECARE PHARMACY, UVALDE"
3658,"RCS - MT NEBO PHARMACY"
3484,"RCS - Medicine Shoppe, Inez - #1311"
3590,"RCS - Medplex Pharmacy, LAKE MARY"
3440,"RCS - Medicine Shoppe, Coffeyville- #1153"
3216,"RCS - LIVE & LET LIVE PHARMACY, MIAMI"
3430,"RCS - Medicine Shoppe, Chippewa Falls - #0270"
3310,"RCS - Medical Center Pharmacy"
3414,"RCS - Medicine Shoppe, Bellevue - #1155"
3520,"RCS - Medicine Shoppe, Norton - #1065"
3328,"RCS - Medicap Pharmacy, Batesville - #8123"
3185,"RCS - LEES MARKETPLACE PHARMACY-SMITHFIELD"
3482,"RCS - Medicine Shoppe, Hutchinson- #0045"
3368,"RCS - Medicap Pharmacy, Perry - #8029"
3522,"RCS - Medicine Shoppe, Ojai - #0489"
3290,"RCS - MAST PHARMACY & SURGICAL"
3543,"RCS - Medicine Shoppe, Saddle Brook - #1416"
3502,"RCS - Medicine Shoppe, Maxton - #1538"
3356,"RCS - Medicap Pharmacy, Knoxville - #8043"
3493,"RCS - Medicine Shoppe, Lees Summit - #0626"
3476,"RCS - Medicine Shoppe, Harrisburg - #0503"
3422,"RCS - Medicine Shoppe, Brookville -#0533"
3249,"RCS - LUDLOW PHARMACY, LUDLOW"
3501,"RCS - Medicine Shoppe, Marshall - #0354"
3167,"RCS - Lake Pharmacy - CLEARLAKE"
3223,"RCS - Lockport Apothecary"
3336,"RCS - Medicap Pharmacy, Dallas Center - #8269"
3211,"RCS - LINK PHARMACY"
3165,"RCS - LAKE AVE PHARMACY"
3341,"RCS - Medicap Pharmacy, Eldora - #8095"
3248,"RCS - LTC Rx Inc"
3214,"RCS - Little Pharmacy of Milan, Milan"
3455,"RCS - Medicine Shoppe, Denison - #0306"
3313,"RCS - Medical Home Pharmacy #1"
3609,"RCS - MICHAELS PRES CORNER OTC, HOBBS"
3439,"RCS - Medicine Shoppe, Clovis - #0462"
3593,"RCS - Med-Save Pharmacy Wilmore"
3719,"RCS - North Florida Pharmacy of Branford"
4408,"RCS - WOLFE FAMILY PHARMACY, CAMPTON"
3790,"RCS - Park Health Pharmacy"
3891,"RCS - PRESTIGE PHARMACY"
3705,"RCS - NKI Enterprises dba White Cross Pharmacy (LTC)"
3665,"RCS - MY FAMILY PHARMACY"
4221,"RCS - THE MEDICINE SHOPPE #0804, INC."
3722,"RCS - North Florida Pharmacy of Keystone"
4009,"RCS - RX INNOVATIONS, ALBUQUERQUE"
4037,"RCS - Saul's Pharmacy"
3733,"RCS - North Star Pharmacy"
4369,"RCS - Wellman's"
4062,"RCS - Setzer Pharmacy"
3776,"RCS - Ottauquechee Pharmacy"
4303,"RCS - UPPER MANHATTAN PHARMACY, NEW YORK"
3818,"RCS - PERRIS HILLS PHARMACY, PERRIS"
3915,"RCS - QRX PHARMACY, PHILADELPHIA"
3698,"RCS - New York-Presbyterian-Queens, FLUSHING"
3857,"RCS - PIONEER VALLEY PHARMACY, WEST VALLEY CITY"
3838,"RCS - PHARMACY SERVICES OF MOBILE, MOBILE"
3795,"RCS - Parkway Pharmacy, Crozet"
3921,"RCS - R and K PHARMACY"
3715,"RCS - North D Pharmacy"
3946,"RCS - Reidsville Pharmacy"
4321,"RCS - Vamps Pharmacy"
4228,"RCS - THE PRESCRIPTION PLACE, NICEVILLE"
3740,"RCS - Northland Pharmacy"
3754,"RCS - OAKLAND PHARMACY, OAKLAND"
3748,"RCS - NORWOOD PHARMACY LLC, NEW YORK"
3664,"RCS - MULDROW PHARMACY, MULDROW"
4360,"RCS - Weatherwax Family Pharmacies Inc - BROOKLYN"
3947,"RCS - Reliance Castle Pharmacy"
3812,"RCS - PENNINGTON PHARMACY, PENNINGTON GAP"
4044,"RCS - SAV-MOR #51 PINE KNOB PHARMACY  #1"
3911,"RCS - Prosperity Pharmacy Manassas"
4384,"RCS - Western Medical Pharmacy - LOS ANGELES"
4088,"RCS - Sheldons Express Pharmacy, MOUNT CARMEL"
3866,"RCS - Plaza Pharmacy, Torrance"
4024,"RCS - SALINAS PHARMACY, SAN BENITO"
3930,"RCS - RANCHO PHARMACY, EXETER"
4017,"RCS - SAFESCRIPT PHARMACY, BUSHNELL"
4275,"RCS - ULMER DRUG AND HARDWARE, HOMER"
4326,"RCS - VC Pharmacy"
3721,"RCS - North Florida Pharmacy of Fort White"
4302,"RCS - UPPER LEVISA CLINIC PHCY POA, MOUTHCARD"
4058,"RCS - Seat Pleasant Drug, Inc."
4223,"RCS - The Medicine Shoppe of Westminster"
3822,"RCS - Peterson's Fresh Market"
4157,"RCS - Summit Healthcare Pharmacy - SHOW LOW"
4117,"RCS - SOUTHSIDE PHARMACY"
4252,"RCS - TOMS RIVERSIDE PHARMACY, KNOX"
4110,"RCS - Sonoma Valley Community Pharmacy, SONOMA"
4068,"RCS - Sharp Coronado Community Pharmacy"
4432,"RCS - Ym Drugs"
3919,"RCS - Quality Pharmacy Inc"
4403,"RCS - Wingerts Pharmacy"
3900,"RCS - PROCARE PHARMACY, ORLANDO"
4316,"RCS - VALUE N CARE PHARMACY, DELTONA"
4417,"RCS - WR Pharmacy Services, Miami"
3672,"RCS - NARAYAN PHARMACY, NEW ROCHELLE"
4166,"RCS - SUNSHINE DRUGS, WILLISTON"
4147,"RCS - Stewarts Basin Family Pharmacy"
4026,"RCS - Sam's Regent Pharmacy"
4162,"RCS - SUNRISE DISCOUNT PHARMACY, KISSIMMEE"
4362,"RCS - WEAVERVILLE PHARMACY"
4328,"RCS - Vedic Pharmacy LLC dba Gurley's Pharmacy"
4345,"RCS - Vytos Pharmacy Highland"
3695,"RCS - NEW SEVEN MILE PHARMACY LLC"
4174,"RCS - SUPER FARMACIA IDEAL"
4143,"RCS - STATE STREET PHARMACY & WELLNESS CENTER, CARO"
3833,"RCS - PHARMACY DEPOT, BROOKLYN"
4263,"RCS - Traubert's Pharmacy"
3969,"RCS - Riverview Pharmacy"
3867,"RCS - POCONO PHARMACY, STROUDSBURG"
4003,"RCS - ROYAL PHARMACY DRUGS, GLENDALE"
4312,"RCS - VALUE DRUG STORES INC, HUNTINGTON"
3936,"RCS - Ready Meds Pharmacy"
3669,"RCS - Nalle Pharmacy, Inc."
4029,"RCS - SANFORD PHARMACY BROADWAY"
3662,"RCS - MTM PHARMACY 4-BOLSA MED"
3769,"RCS - O'Neal's Hospital Pharmacy of Washington"
4133,"RCS - Stamford Health Pharmacy"
4012,"RCS - RX SPRESS PHARMACY"
4173,"RCS - Super Farmacia Corcovada 2"
4427,"RCS - Wrigley's Rx Pharmacy"
3847,"RCS - Phillipsburg Pharmacy"
4368,"RCS - Wellcare Pharmacy, Glendale"
3663,"RCS - MTM PHARMACY V"
4292,"RCS - United Health Centers Pharmacy Parlier, PARLIER"
3717,"RCS - North Falmouth Pharmacy"
4099,"RCS - SMART HEALTH PHARMACY, HUNTINGTON"
4261,"RCS - Town Pharmacy Care"
4118,"RCS - SOUTHWEST HEALTH SYSTEM PHARMA, CORTEZ"
4330,"RCS - VERDE VALLEY MED CTR RETAIL, COTTONWOOD"
3709,"RCS - NLP State Street"
3882,"RCS - PREMIER CARE PHARMACY"
4123,"RCS - SPRINGHILL PHARMACY LLC, MOBILE"
4000,"RCS - Rothrock Drug Company"
4295,"RCS - United Pharmacy"
4201,"RCS - Ted's Plaza Pharmacy"
4281,"RCS - Union Pharmacy"
4077,"RCS - Sharp Rees-Stealy Pharmacy #8"
3840,"RCS - PHARMACY STATION, RAYMONDVILLE"
3850,"RCS - PHOENIX CHILDRENS HOSPITAL OUTPATIENT PHARMACY"
4146,"RCS - Sterling Pharmacy"
3785,"RCS - Pan American Pharmacy, West New York"
3854,"RCS - Pill Stat RX LLC LTC"
4291,"RCS - United Health Centers Pharmacy Orange Cove, ORANGE COVE"
3979,"RCS - Rogers Family Pharmacy"
4350,"RCS - Wall Drug Store Inc"
4343,"RCS - Vytos Pharmacy"
3777,"RCS - Owen Drug Company, OWENTON"
3712,"RCS - Norman`s Pharmacy, JERSEY CITY"
4232,"RCS - Thomas Drug Store, Broad"
3834,"RCS - Pharmacy Express - RIO GRANDE"
4309,"RCS - VALLEY PHARMACY, SUCCASUNNA"
4310,"RCS - Value Center Pharmacy I"
4359,"RCS - Weatherwax Family Pharmacies Inc"
4203,"RCS - TERRELS PHARMACY"
4371,"RCS - Wellness Park Pharmacy"
4337,"RCS - VIRGIL PHARMACY, LOS ANGELES"
4071,"RCS - Sharp Rees Stealy #2"
3683,"RCS - NeoHealth Hulbert Pharmacy - HULBERT"
4122,"RCS - Springfield Care Pharmacy"
4145,"RCS - Ste Genevieve Pharmacy"
4274,"RCS - Uintah Basin Med Ctr Pharmacy"
4104,"RCS - SMITHTOWN PRESCRIPTION CENTER, SMITHTOWN"
4296,"RCS - UNITED RX"
4308,"RCS - Valley Pharmacy, Reedsville"
4204,"RCS - Texas Road Pharmacy"
3995,"RCS - ROSE DRUG STORE INC, BRONX"
4272,"RCS - Tuttles Hoen Pharmacy"
4287,"RCS - United Health Centers Pharmacy Earlimart, Earlimart"
3865,"RCS - Plaza Economy Drug, GRUNDY"
4268,"RCS - TrueCare Pharmacy"
4005,"RCS - Rudhra LLC dba University Pharmacy"
4344,"RCS - Vytos Pharmacy Hammond"
4285,"RCS - United Health Centers of the S, HURON"
4083,"RCS - Sheldons Express Pharmacy"
4052,"RCS - Scott County Pharmacy"
3913,"RCS - Pungo River Pharmacy, Inc, Belhaven"
3755,"RCS - O'Brien & Dobbins Pharmacy"
3804,"RCS - PCH Medical Pharmacy"
3978,"RCS - ROCKY MOUNTAIN PHCY LLC"
4365,"RCS - Wecare Specialty Pharmacy, HIGHLAND"
3980,"RCS - Roger's Foodland"
3699,"RCS - Newton Medical Center Community Pharmacy, NEWTON"
4301,"RCS - UNIVERSITY RETAIL PHARMACY"
3674,"RCS - Nathans Pharmacy"
4076,"RCS - Sharp Rees-Stealy #5 Pharmacy"
3708,"RCS - NLP Riverside"
3734,"RCS - North Star Pharmacy, New York"
3961,"RCS - River Chemists Corp dba DJ Drugs"
4293,"RCS - United Health Centers Pharmacy Reedley"
4063,"RCS - SEVENTH AVE PHARMACY, NEW YORK"
4152,"RCS - SUGARMANS DRUG STORE"
4294,"RCS - United Health Centers Pharmacy Sanger, SANGER"
3767,"RCS - Omac Pharmacy"
4072,"RCS - Sharp Rees Stealy #3"
3954,"RCS - RIPON DRUG, Ripon"
4358,"RCS - WE CARE PHARMACY, VENICE"
3702,"RCS - NICKS PHARMACY, BROOKLYN"
3881,"RCS - Preferred Pharmacy Tellico Greens"
3694,"RCS - New River Economy Drug Inc."
4273,"RCS - Twin Harbor Drug"
4090,"RCS - SHOPPERS PHARMACY"
4108,"RCS - Soldotna Professional Pharmacy"
3690,"RCS - New Hope Pharmacy, COLUMBUS"
3975,"RCS - Rockland Pharmacy Inc"
3696,"RCS - NEW TREND PHARMACY, BROOKLYN"
3684,"RCS - NEW BRITAIN PHARMACY, NEW BRITIAN"
4366,"RCS - WEISBRODS PHARMACY, NEWARK"
3811,"RCS - Penn Way Pharmacy"
4182,"RCS - SUPERDRUG PHARMACY"
4033,"RCS - Santa Maria Pharmacy"
3889,"RCS - PRESCRIPTION SHOP/TELEPHARMACY, OLTON"
4406,"RCS - Wisner Apothecary, WISNER"
4280,"RCS - UNION HILL SUPREMO PHCY LLC NJ, ENGLISHTOWN"
3917,"RCS - QUALITY OF LIFE HEALTH, GADSDEN"
3855,"RCS - PINE KNOB SAVMOR PHARMACY #6"
3727,"RCS - NORTH HUDSON PHY AT PASSAIC, PASSAIC"
4134,"RCS - STANIFER DRUGS, LLC - NEW TAZEWELL"
4240,"RCS - Thrifty Drug Store, Inc."
3901,"RCS - PROFESSIONAL CAREPHARMACYINC, PIKESVILLE"
4125,"RCS - SRK Pharmacy dba V&K Pharmacy"
3739,"RCS - NORTHLAND FOOD CENTER"
3765,"RCS - Olympic Gerhart Pharmacy"
3904,"RCS - PROFESSIONAL DRUG - VEGA ALTA"
4187,"RCS - SUSSMANS DRUGS, PATERSON"
3988,"RCS - ROSAUERS PHARMACY #33 - LEWISTON"
4065,"RCS - Shafter Medical Pharmacy, LLC"
3700,"RCS - NICHOLS APOTHECARY, ELKHORN CITY"
4040,"RCS - Sav Rite Pharmacy, Corbin"
3688,"RCS - NEW HAVEN PHARMACY, NEW HAVEN"
3859,"RCS - PITMAN PHARMACY, PITMAN"
3983,"RCS - ROSAUERS PHARMACY #2"
4092,"RCS - Shyn's Pharmacy Inc"
4176,"RCS - SUPER FARMACIA PACO, ARECIBO"
4180,"RCS - SUPERDRUG DEDEDO"
3962,"RCS - RIVER STREET PHARMACY INC., SPRINGFIELD"
4236,"RCS - Thompson Drug Saddlebrook"
4205,"RCS - THE APOTHECARY SHOP"
3794,"RCS - Parkhurst Pharmacy"
4396,"RCS - Wilson Pharmacy, Inc dba Mountain States Pharmacy at Johnson City"
4329,"RCS - Velima Pharmacy Inc"
4141,"RCS - STARSIDE DRUGS"
4238,"RCS - Thrift Drugs"
3775,"RCS - Oregon Health Sciences University"
4385,"RCS - WESTLAKE DRUG & GIFTSHOP"
3842,"RCS - Pharmchemetics Inc"
4098,"RCS - SLAVINS-HANCOCK PHARMACY,INC, STAMFORD"
3784,"RCS - Palmdale Medical Pharmacy"
4064,"RCS - Seward Family Pharmacy"
3883,"RCS - PREMIER CARE PHARMACY BALTIMORE"
3928,"RCS - Raindew Pharmacy, MANHASSET"
3706,"RCS - NKI Enterprises dba White Cross Pharmacy (Retail)"
3998,"RCS - ROSS PARK PHARMACY WEST"
4412,"RCS - WOOLMARKET PHARMACY, BILOXI"
4218,"RCS - The Medicine Shoppe - ASHLAND"
4188,"RCS - Swedish Arnold Pavilion Pharmacy, Seattle"
4259,"RCS - Town & Country Pharmacy, MAPLEWOOD"
3737,"RCS - Northgate Family Pharmacy"
3863,"RCS - PLANET PHARMACY, BEVERLY HILLS"
4016,"RCS - S & J Pharmacy Krum"
4305,"RCS - Utah Navajo Health Systems Inc, BLANDIN"
4196,"RCS - Tappahannock Pharmacy"
4233,"RCS - THOMAS DRUG STORE, Gordon"
4336,"RCS - Village Pharmacy, Duffield"
4032,"RCS - SANTA MARIA COMMUNITY PHARMACY, EL MONTE"
3941,"RCS - REEDS PHARMACY"
4159,"RCS - Sun Sun Pharmacy"
4381,"RCS - West Rx Inc dba Westown Pharmacy"
3934,"RCS - Rayne Medicine Shoppe"
4435,"RCS - YORK WELLNESS PHARMACY"
4267,"RCS - Tri-State Pharmacy"
4314,"RCS - VALUE DRUGS GREENLAWN INC, GREENLAWN"
4334,"RCS - VICCO PHARMACY"
3986,"RCS - ROSAUERS PHARMACY #29 - SPOKANE"
4357,"RCS - WE CARE PHARMACY INC"
4129,"RCS - St John's Pharmacy, Billings"
3860,"RCS - PITTMANS PHARMACY INC, WINDSOR"
4211,"RCS - The Medicine Cabinet #1"
4195,"RCS - Tampa Family Pharmacy"
3959,"RCS - RITE CHOICE PHARMACY - BROOKLYN"
4439,"RCS - Young's Drug Store Inc"
3957,"RCS - RITE CARE PHARMACY, BRONX"
4426,"RCS - WRIGLEYS PHARMACY 7, LLC"
4111,"RCS - Soper's Family Drug"
3960,"RCS - RITEMED PHARMACY, KISSIMMEE"
3756,"RCS - OCEAN PARK DRUGS"
3763,"RCS - Old Court Pharmacy"
3729,"RCS - NORTH MEMORIAL HEALTH PHARMACY - RO"
4405,"RCS - WIREGRASS COMMUNITY PHARMACY I"
4354,"RCS - WATERBURY PHARMACY, WATERBURY CT"
4234,"RCS - Thomas Drugs"
4078,"RCS - SHAWS PHARMACY INC, DURAND"
3774,"RCS - ORCHARD VIEW PHARMACY, WASHINGTON TOWNSHIP"
3720,"RCS - North Florida Pharmacy of Chiefland"
3750,"RCS - NOVA PHARMACY, SANTA ISABEL"
3724,"RCS - North Florida Pharmacy of Mayo"
3778,"RCS - Owingsville Drug"
4347,"RCS - WAKEFIELD PHARMACY, BRONX"
4398,"RCS - Wilton Pharmacy"
4036,"RCS - Saubels Pharmacy Whiteford"
4363,"RCS - WEBBER PHARMACY, MEXICO"
3878,"RCS - Precision Care Pharmacy"
4183,"RCS - SUPERDRUG YIGO"
3955,"RCS - Risch Drug Store #3"
4163,"RCS - SUNRISE PHARMACY - LAKE HAVASU CITY"
4393,"RCS - WIL SAV DRUGS, DECATUR"
4262,"RCS - Township Pharmacy, SOMERSET"
3783,"RCS - Pacific Medical Pharmacy"
4095,"RCS - SILVERS HOMETOWN PHARMACY, MONTICELLO"
3925,"RCS - RAINBOW CARE PHARMA INC., FLUSHING"
4167,"RCS - SUPER 1 PHARMACY #30"
3808,"RCS - Peckman's Pharmacy"
4158,"RCS - SUN RAY PHARMACY, BAY SHORE"
4161,"RCS - Sunny Bay Pharmacy #3"
4414,"RCS - Woori Pharmacy LLC"
4313,"RCS - VALUE DRUGS BRONXVILLE INC, BRONXVILLE"
3956,"RCS - Ritchie Pharmacy, Brooklyn Park"
3732,"RCS - NORTH SHORE PHARMACY"
4056,"RCS - Seaside Marine Intl. Drug, San Pedro"
3920,"RCS - Quickmeds Express Pharmacy"
3906,"RCS - Professional Pharmacy dba Valley Pharmacy"
4269,"RCS - TUCKER PHARMACY, FAIRVIEW"
4297,"RCS - Unity Pharmacy"
4168,"RCS - SUPER 1 PHARMACY #35"
4282,"RCS - Union Serv-U Pharmacy"
4060,"RCS - SERVICE DRUG COMPANY INC, DELTA"
4127,"RCS - St Antony Pharmacy Inc, El Segundo"
3787,"RCS - Paramount Specialty Pharmacy"
4094,"RCS - SICOMAC PHARMACY-LTC, WYCKOFF"
3948,"RCS - Remedium Pharmacy, North Chelmsford"
4324,"RCS - VARIETY DRUG"
4251,"RCS - TOMS PHARMACY"
3985,"RCS - ROSAUERS PHARMACY #27 - MISSOULA"
4394,"RCS - Willow Drug - SPENCER"
4395,"RCS - Wil-Sav Drug"
4007,"RCS - RX CARE PHARMACY"
4239,"RCS - Thriftway Pharmacy, New York"
3801,"RCS - PATTON PHARMACY AND V AND S VA"
4277,"RCS - Ultracare Pharmacy Inc, New York"
3968,"RCS - RIVERTOWN PHARMACY, CONWAY"
4428,"RCS - Wynnecare Pharmacy"
4418,"RCS - WRAYS CHALET THRIFTWAY"
3970,"RCS - Riviera Drugs LLC dba Mike's Pharmacy"
4186,"RCS - SURGOINSVILLE PHARMACY - SURGOINSVILLE"
3984,"RCS - ROSAUERS PHARMACY #26 - SPOKANE"
4389,"RCS - WHITE HALL PHARMACY, WHITE HALL"
3844,"RCS - PHC Pharmacy, PETALUMA"
4197,"RCS - TAVARES PHARMACY, TAVARES"
3858,"RCS - PISGAH PHARMACY"
3723,"RCS - North Florida Pharmacy of Madison"
4332,"RCS - Vermont Galleria Pharmacy, LOS ANGELES"
4224,"RCS - THE MEDICINE STORE"
3897,"RCS - Prime Pharmacy Services, Inc"
3849,"RCS - PHILS PHARMACY, ALBUQUERQUE"
4075,"RCS - Sharp Rees Stealy #7"
4315,"RCS - Value Leader Pharmacy"
3945,"RCS - Regions Pharmacy, MIAMI"
3806,"RCS - Peachtree Pharmacy & Gifts"
3692,"RCS - NEW ISLAND PHARMACY INC, DEER PARK"
4289,"RCS - United Health Centers Pharmacy Kerman, KERMAN"
3829,"RCS - PharmaCare West, Medicine Shoppe 2031"
3926,"RCS - Rainbow Drug Store"
3993,"RCS - ROSAUERS PHARMACY #7"
4160,"RCS - Sun Valley Pharmacy"
4053,"RCS - Scotts Hill Discount Drug"
4390,"RCS - WHITEFORD PHARMACY INC, WHITEFORD"
4074,"RCS - Sharp Rees Stealy #6"
4419,"RCS - WRAYS MEADOWBROOK PHARMACY"
3666,"RCS - Myerlee Pharmacy"
3982,"RCS - ROSAUERS PHARMACY #14 - LIBBY"
4249,"RCS - Tomassetti Drug Corp dba Neergaard Pharmacy"
4256,"RCS - Torrington Pharmacy"
4319,"RCS - Value Rx, TALBOTT"
4247,"RCS - TLC Pharmacy & Med Equip #2"
3909,"RCS - PROFESSIONAL PHARMACY, ARECIBO"
4002,"RCS - Roy Pharmacy, Roy"
4333,"RCS - Vermont V.O. Pharmacy Inc."
4220,"RCS - The Medicine Shoppe - MEMPHIS"
3823,"RCS - Petricones New Hartford Apoth"
4011,"RCS - Rx Shoppe - ATOKA"
3912,"RCS - Pulse Pharmacy"
3938,"RCS - Red Hook Pharmacy Corp"
3772,"RCS - ONU HEALTHWISE PHARMACY, ADA"
3701,"RCS - Nicholson Pharmacy, Belmont"
3799,"RCS - Patriot Pharmacy"
4023,"RCS - SALEM PHARMACY"
4290,"RCS - United Health Centers Pharmacy Mendota, Mendota"
3923,"RCS - R H Moore Drug Co dba Sheldons Express Pharmacy"
3677,"RCS - NEIGHBORHOOD PHARMACY"
4116,"RCS - SOUTHSHORE PHARMACY CORP, STATEN ISLAND"
4415,"RCS - Wooster Community Pharmacy"
4202,"RCS - TEPPER PHARMACY"
3836,"RCS - Pharmacy Express, Brooklyn"
3868,"RCS - PONTIAC TRAIL SAVMOR PHARMACY, WALLED LAKE"
3905,"RCS - Professional Pharmacy"
3843,"RCS - Pharmex Pharmacy Inc"
3990,"RCS - ROSAUERS PHARMACY #39 - YAKIMA"
4355,"RCS - WAYNE PROFESSIONAL PHARMACY, WAYNE"
3791,"RCS - PARK PHARMACY, LAFAYETTE"
4139,"RCS - STAR PHARMACY - EDISON"
3828,"RCS - PharmaCare of Frostburg, Medicine Shoppe 2030"
4244,"RCS - TJ SAMSON COMM HOSP OUTPATIENT, GLASGOW"
4061,"RCS - SERVICE DRUG, FILLMORE"
4243,"RCS - TJ PAVILION PHARMACY, GLASGOW"
4210,"RCS - The Market Pharmacy"
4338,"RCS - VISTA CLINIC PHARMACY, SANTA ROSA"
4051,"RCS - Scott Cook Pharmacy"
3964,"RCS - Riverside Hospital dba Pavilion Pharmacy"
4148,"RCS - STOKES PHARMACY, INC"
3971,"RCS - ROBERT JACOBSON PHARMACY LTD, YONKERS"
3966,"RCS - Riverside Pharmacy, Salisbury"
4323,"RCS - Vanceboro Pharmacy"
4126,"RCS - ST ANTHONY PHARMACY, NEW YORK"
3673,"RCS - Nates Pharmacy Corp"
4375,"RCS - West Girard Health Pharmacy, Philadelphia"
4399,"RCS - Windham Drug"
4087,"RCS - Sheldons Express Pharmacy #8, BOWLING GREEN"
4109,"RCS - Somerset Family Pharmacy"
3678,"RCS - Neighborhood Pharmacy d/b/a Forest Ridge"
3856,"RCS - Pioneer Drug #3"
3846,"RCS - PHILLIPS PHARMACY"
4283,"RCS - United Care Pharmacy - Detroit"
3991,"RCS - ROSAUERS PHARMACY #40 - Bozeman"
3747,"RCS - Norton Pharmacy-Norton Specialty Pharmacy"
4112,"RCS - SOUTH DEARBORN PHARMACY INC - DEARBORN"
4411,"RCS - Woodhull RX Center, Brooklyn"
3887,"RCS - Prescription Shop, Harrogate"
3939,"RCS - RED RIBBON PHARMACY INC"
4066,"RCS - Share'N Care Pharmacy"
4382,"RCS - West St James Pharmacy"
3714,"RCS - North Chester Pharmacy - BAKERSFIELD"
3873,"RCS - Portico Pharmacy"
3896,"RCS - PRIMACARE PHARMACY INC"
4155,"RCS - SUMMIT EXPRESS PHARMACY, SUMMIT"
3797,"RCS - Patient Care Pharmacy"
3827,"RCS - PHARMACARE EVERGREEN"
3730,"RCS - NORTH PARK PHARMACY, MACHESNEY PARK"
4441,"RCS - Young's Drug Store, Merrill"
3718,"RCS - North Florida Pharmacy #2"
3999,"RCS - ROTARY DRUG, STRATFORD"
3736,"RCS - Northern Light Pharmacy Penny Hill"
4388,"RCS - WHIDBEYHEALTH COMMUNITY PHARMACY"
3895,"RCS - PRIDE PHARMACY INC"
3725,"RCS - North Florida Pharmacy, Lake City"
4113,"RCS - Southern Drugs, COLUMBUS"
3931,"RCS - Rapoport Pharmacy"
3886,"RCS - PRESCRIPTION SHOP MORTON"
3770,"RCS - ONE-STOP PHARMACY 101"
3741,"RCS - Northridge Pharmacy, Northridge - #2130"
4404,"RCS - wintergarden pharmacy, WINTER GARDEN"
3760,"RCS - OHSU Pharmacy at CHH Bldg 2"
3894,"RCS - PRIDE PHARMACY - SAN DIEGO, SAN DIEGO"
4407,"RCS - WOLF RIVER PHARMACY"
3813,"RCS - PEOPLES CHOICE PHARMACY"
3835,"RCS - PHARMACY EXPRESS & DISCOUNT, C, MIAMI"
3996,"RCS - Rose Pharmacy - WAYNE"
3726,"RCS - NORTH HUDSON COMMUNITY PHCY, WEST NEW YORK"
4185,"RCS - SUPER-FARMACIA REBECA, ISABELA"
4307,"RCS - VALLEY PHARMACY LLC"
4149,"RCS - Strong LTC Pharmacy, Rochester"
4150,"RCS - STRONG OUTPATIENT PHARMACY, Rochester"
4286,"RCS - United Health Centers of the S, SELMA"
3697,"RCS - NEW WINDSOR PHARMACY INC, NEW WINDSOR"
3888,"RCS - Prescription Shop, Littlefield"
3937,"RCS - Reams Springville Pharmacy LLC"
3704,"RCS - Nipomo Rexall Pharmacy"
4212,"RCS - THE MEDICINE CABINET #5, BELL"
3810,"RCS - Peninsula Pharmacy"
4255,"RCS - Toronto Apothecary"
3932,"RCS - RATHDRUM DRUG, RATHDRUM"
4124,"RCS - Springtown Pharmacy"
3821,"RCS - Personal Touch Pharmacy"
4004,"RCS - RRS Medicine Chest Pharmacy"
3879,"RCS - Preferred Family Pharmacy"
4257,"RCS - Total Care Pharmacy, JERSEY CITY"
4208,"RCS - The Drug Store"
3940,"RCS - REDDICK DISCOUNT PHARMACY, REDDICK"
3766,"RCS - Olympic Pharmacy and Healthcare Services"
4106,"RCS - SMP PHARMACY SOLUTIONS,LLC, SOUTH MIAMI"
4153,"RCS - Sullivan's Pharmacy"
4213,"RCS - The Medicine Cabinet #6"
4348,"RCS - Walker Pharmacy"
4018,"RCS - Safescript Pharmacy, WILDWOOD"
4080,"RCS - Sheefa Pharmacy"
3682,"RCS - NEIGHBORX PHARMACY, Middletown"
4025,"RCS - Salud Clinic Pharmacy"
4372,"RCS - Wellness Plus Pharmacy Inc"
4151,"RCS - STRONG TIES PHARMACY, Rochester"
4250,"RCS - Tom's Family Market"
4045,"RCS - SAV-MOR#65 EASTERN PHARMACY, YPSILANTI"
3689,"RCS - New Hope Pharmacy"
4214,"RCS - THE MEDICINE CABINET, SOUTH GATE"
3916,"RCS - QRX3 PHARMACY & MED SUPPLY INC, PHILADELPHIA"
4027,"RCS - San Juan Drug, San Juan"
4217,"RCS - THE MEDICINE SHOPPE - #2169  LAS VEGAS"
4097,"RCS - Skyline Pharmacy"
4206,"RCS - THE APOTHECARY SHOP, PENDER"
4387,"RCS - WESTSIDE PHARMACY - SANTA CRUZ"
4300,"RCS - University Compounding Phcy #2"
4046,"RCS - Sawtooth Mountain Clinic Pharm"
4131,"RCS - St. Bernard Drugs, New Orleans"
4200,"RCS - Tazewell Drug, TAZEWELL"
3789,"RCS - Park Ave Pharmacy"
4425,"RCS - WRIGLEYS PHARMACY 6, LLC"
4140,"RCS - STARLING PHARMACY, BRONX"
3876,"RCS - PRAIRIE HILLS PHARMACY"
3942,"RCS - REEDSPORT PHARMACY, REEDSPORT"
4198,"RCS - TAWAS SUPER SAVMOR DRUGS, TAWAS CITY"
3805,"RCS - PEACE PHARMACY"
4391,"RCS - WHITES PHARMACY, EAST HAMPTON"
3943,"RCS - REGAL PHARMACY, NEWARK"
4433,"RCS - Yoder's Pharmacy"
4121,"RCS - Spencer Drug Co"
3751,"RCS - Nuckolls Drug Company"
4215,"RCS - THE MEDICINE CABINET, WILMINGTON"
3686,"RCS - New Cumberland Rx Center, NEW CUMBERLAND"
4105,"RCS - SMP PHARMACY SOLUTIONS #2"
4179,"RCS - SUPERDRUG AGANA"
3680,"RCS - NEIGHBORX PHARMACY AT PEARL RIVER, PEARL RIVER"
3922,"RCS - R B Watson's Pharmacy"
4317,"RCS - VALUE PLUS PHARMACY, NEWARK"
4192,"RCS - SYRINGA CLINIC PHARMACY, GRANGEVILLE"
3831,"RCS - PHARMACY 7"
4378,"RCS - WEST MEDS PHARMACY"
3976,"RCS - ROCKLAND PHARMACY, MONSEY"
3803,"RCS - PAYSON MARKET"
4001,"RCS - Rowe's Pharmacy"
4416,"RCS - WORCESTER PHARMACY"
4364,"RCS - Weber City Drug Center"
4175,"RCS - SUPER FARMACIA LA RAMPLA, YABUCOA"
4253,"RCS - TONYS PHARMACY, PASSAIC"
3875,"RCS - POWHATAN DRUG"
4353,"RCS - WASHINGTON SHOP PHARMACY, EAST ORANGE"
4340,"RCS - VITAL CARE PHARMACY, PIKESVILLE"
3861,"RCS - PLACENTIA LINDA PHARMACY, PLACENTIA"
4331,"RCS - Verdugo Inc dba Toluca Pharmacy"
4042,"RCS - Savelife Pharmacy Inc"
4442,"RCS - Z STOP DRUGS, Bronx"
3796,"RCS - PARSIPPANY PHARMACY, Parsippany"
4284,"RCS - United Drugs"
3670,"RCS - NAMBE DRUGS LOS ALAMOS, LOS ALAMOS"
4264,"RCS - Tremont Chemists dba Perla Pharmacy"
4039,"RCS - Sav Rite Family Pharmacy South Inc, Corbin"
4299,"RCS - Universal Pharmacy, PHILADELPHIA"
3703,"RCS - NIKOS PHARMACY INC., ASTORIA"
4237,"RCS - Thompson Drug South"
4170,"RCS - SUPER CARE DRUGS INC, MALIBU"
4164,"RCS - SUNSHINE DRUGS, BELLEVIEW"
4010,"RCS - RX MEDS PHARMACY INC"
3914,"RCS - Pure Health Pharmacy LLC"
3759,"RCS - OHSU Creekside Pharmacy, BEAVERTON"
4270,"RCS - TUSKEGEE QUALITY PHARMACY, TUSKEGEE"
4107,"RCS - Snapps Ferry Inc"
3762,"RCS - OLD BRIDGE DRUGS&SURGICALS LLC, OLD BRIDGE"
4047,"RCS - SAXONY RETAIL PHARMACY, FISHERS"
4067,"RCS - SHARIF PHARMACY INC"
3679,"RCS - Neighborhood Pharmacy d/b/a Freds Pharmacy"
3710,"RCS - NLP Westgate"
4130,"RCS - St Philo Pharmacy, North Arlington"
4322,"RCS - Van Professional Pharmacy Inc"
3963,"RCS - RIVER VALLEY PHARMACY, Williamsport"
3935,"RCS - Rays Drugs, LIVONIA"
4057,"RCS - Seaside Pharmacy, Revere"
4137,"RCS - STAR DRUGS PHARMACY"
4178,"RCS - SUPER FARMACIA ROMERO"
3877,"RCS - PRAIRIE PARKWAY PHARMACY, CEDAR FALLS"
3800,"RCS - PATTERSON PHARMACARE, Patterson"
3950,"RCS - REYNOLDS PHARMACY"
3825,"RCS - PHARMA, LLC, SEBRING"
4207,"RCS - THE CENTERS FOR FAMILIES AND C, PARMA"
4342,"RCS - VITAMED PHARMACY"
4386,"RCS - Westland Maple Drugs Inc."
4325,"RCS - VARIETY DRUG, GARFIELD"
4190,"RCS - SYNERGY RX EXPRESS"
4156,"RCS - SUMMIT HEALTHCARE PHARMACY"
3761,"RCS - OHSU RICHMOND CLINIC PHARMACY"
4138,"RCS - STAR HILL PHARMACY, BRONX"
4377,"RCS - WEST HAVEN PHARMACY, WEST HAVEN"
4246,"RCS - TLC Pharmacy & Med Equip #1"
3832,"RCS - PHARMACY CARE CENTER"
3707,"RCS - NLP Fore River"
4021,"RCS - SAINT JOSEPH HEALTH COMMUNITY, LEXINGTON"
3815,"RCS - Peoples Pharmacy - SARDIS"
3728,"RCS - NORTH MEM PHCY MAPLE GROVE, MAPLE GROVE"
3994,"RCS - ROSAUERS PHARMACY #9"
3798,"RCS - PATIENT CARE PHARMACY - READING"
3675,"RCS - NAZ PHARMACY INC., BROOKLYN"
3758,"RCS - OHSU CENTER FOR HEALTH AND HEALING"
4091,"RCS - Shore Drugs, Inc"
4070,"RCS - Sharp Rees Stealy #1"
4429,"RCS - Wyoming Pharmacy"
3757,"RCS - OHSU BEAVERTON PHARMACY"
3903,"RCS - PROFESSIONAL DRUG - TOA ALTA"
4356,"RCS - Waynesville Pharmacy, Waynesville - #2172"
3977,"RCS - ROCKWAY PHARMACY INC., BROOKLYN"
4230,"RCS - THEATRE PHARMACY, LEXINGTON"
3676,"RCS - NEIGHBORCARE PHARMACY, BROOKLYN"
4049,"RCS - SBV PHARMACY CORP dba MARCIA PHARMACY"
3779,"RCS - Owl Drug Store"
3862,"RCS - Plains Pharmacy, Wayne"
4434,"RCS - YOKES FOODS INC"
4413,"RCS - Woori Pharmacy"
3851,"RCS - Physicians Apothecary, Gadsden"
3749,"RCS - NOUR PHARMACY"
4440,"RCS - Young's Drug Store LLC"
3830,"RCS - PharmaCare Willowbrook, Medicine Shoppe 2032"
4402,"RCS - WINDHAM PHARMACY, WINDHAM"
3869,"RCS - Port Jervis Pharmacy"
4086,"RCS - Sheldon's Express Pharmacy #7"
4114,"RCS - SOUTHERN PHARMACY INC., BRONX"
4397,"RCS - WILSONS PHARMACY, WIGGINS"
4370,"RCS - WELLMANS PHARMACY #2, SAN FRANCISCO"
4298,"RCS - Unity Pharmacy, Bronx"
3841,"RCS - Pharmavida RX"
3814,"RCS - People's Choice Pharmacy"
4335,"RCS - VILLAGE PHARMACY OF SYOSSET, SYOSSET"
3872,"RCS - PORT ST JOHN DISCOUNT PHARMACY, COCOA"
3839,"RCS - Pharmacy Shop  (R and J Pharmacy)"
4043,"RCS - Saveway Market Pharmacy"
3681,"RCS - NEIGHBORX PHARMACY AT PLEASANT VALLEY, PLEASANT VALLEY"
4409,"RCS - WOOD LANE PHARMACY"
3735,"RCS - NORTHEAST PHARMACY SERVICES, CONCORD"
3711,"RCS - NLP Whiting Hill"
4013,"RCS - RX-MART PHARMACY LLC, Saint AUGUSTINE"
3973,"RCS - ROCHELLE PHARM, ROCHELLE"
4392,"RCS - WHITLEY DRUGS, HENDERSONVILLE"
4266,"RCS - Triangle Pharmacy, MOUNTAIN TOP"
3780,"RCS - OZ Pharmacy, Bronx"
4436,"RCS - YOST PHARMACY, MASON"
4193,"RCS - Tahoe Forest Pharmacy"
3671,"RCS - Nambe Drugs, Santa Fe"
4020,"RCS - Sai Pharma LLC dba Fallston Pharmacy"
4181,"RCS - SUPERDRUG OKA"
4189,"RCS - Sylvestre Pharmacy"
3910,"RCS - Proscript Pharmacy"
4019,"RCS - SAFEWAY PHARMACY, Bronx"
4341,"RCS - VITALITY DRUG & SURGICAL, GLEN OAKS"
4082,"RCS - SHELDONS EXPRESS #5, BOWLING GREEN"
4401,"RCS - Windham Drug North"
3989,"RCS - ROSAUERS PHARMACY #37 - KALISPELL"
4089,"RCS - Shop-N-Save Pharmacy"
4318,"RCS - VALUE RX, SNEEDVILLE"
3793,"RCS - PARK PROFESSIONAL PHARMACY - SEVERNA PARK"
4288,"RCS - United Health Centers Pharmacy Fresno"
3819,"RCS - Perry Drug Co"
4169,"RCS - SUPER CARE BEVERLY HILLS, BEVERLY HILLS"
4069,"RCS - SHARP METRO PHARMACY"
4096,"RCS - Skips Pharmacy Of Michigan"
3884,"RCS - Prescription Center Pharmacy"
3899,"RCS - Procare Pharmacy"
4034,"RCS - SARTINS DISCOUNT DRUGS inc, GULFPORT"
4030,"RCS - Sanford Pharmacy, NEWARK"
4073,"RCS - Sharp Rees Stealy #4"
4081,"RCS - SHELDON SAVMOR PHARMACY, YALE"
4006,"RCS - Rutland Care Pharmacy"
3764,"RCS - OLIVET PHARMACY"
4050,"RCS - Schaefer Medical Pharmacy"
3773,"RCS - OPTIMAL PHARMACY"
4219,"RCS - The Medicine Shoppe - BENSON"
4171,"RCS - SUPER FARMACIA CAROLINA"
3924,"RCS - R&S PIONEER PHARMACY"
3972,"RCS - ROBERTA WATTS MEDICAL CENTER PHRMACY, Gadsden"
4216,"RCS - The Medicine Chest LLC, Brooklyn"
4276,"RCS - ULMER FAM PHCY & WELLNESS CTR, BLUFFTON"
4226,"RCS - THE PHARM HOUSE, FLOYD"
4278,"RCS - UNICARE PHARMACY & SUPPLY, PASADENA"
4041,"RCS - SAVE RITE PHCY DISC CTR, CHICAGO"
3809,"RCS - Pemberton Pharmacy & Gift St Michaels, SAINT MICHAELS"
4380,"RCS - West Retail Pharmacy"
4260,"RCS - TOWN AND COUNTRY FOODS PHARMACY"
3691,"RCS - NEW HORIZON PHARMACY, JERSEY CITY"
3870,"RCS - PORT MORRIS PHARMACY, BRONX"
3997,"RCS - ROSEMONT SPECIALTY PHARMACY, ORLANDO"
4444,"RCS - Zion Drug"
3908,"RCS - Professional Pharmacy Services"
4115,"RCS - SOUTHGATE FAMILY PHARMACY, LLC, SOUTHGATE"
4346,"RCS - W & P PHARMACY, INC., PICO RIVERA"
4241,"RCS - Timberidge Pharmacy"
4327,"RCS - VCARE PHARMACY"
3951,"RCS - RICKETTS PHARMACY, INC"
4028,"RCS - San Juan Pharmacy, Blanding"
4258,"RCS - TOTAL HEALTH CARE PHARMACY"
4379,"RCS - West Point Pharmacy"
3892,"RCS - Preston's Pharmacy"
4014,"RCS - Ryan Pharmacy"
4225,"RCS - THE PEOPLES PHARMACY SHOPPE, UNION CITY"
3816,"RCS - Perham Health Pharmacy"
3742,"RCS - Norton Community Phys Svcs LLC"
4248,"RCS - TLC PHARMACY AND MEDICAL EQUIP, BEEVILLE"
3667,"RCS - MYERS DRUG INC, SAN ANGELO"
3927,"RCS - RAINDEW PHARMACY, FLORAL PARK"
3820,"RCS - Perry Drug Store,  Perryopolis"
4400,"RCS - Windham Drug Jellico, JELLICO"
4054,"RCS - Scotts Pharmacy"
4085,"RCS - Sheldon's Express Pharmacy #6"
3874,"RCS - Portola Pharmacy, Los Angeles"
3987,"RCS - ROSAUERS PHARMACY #3"
4271,"RCS - Tuttles Doyle Park"
3768,"RCS - Omars Pharmacy"
3871,"RCS - Port Salem Pharmacy corp dba Salem Drugs Inc"
4373,"RCS - WELLNESS PLUS PHARMACY, IRVINGTON"
3668,"RCS - NAGLE PHARMACY, NEW YORK"
4279,"RCS - UNI-MED PHARMACY"
3782,"RCS - P.T.G. Pharmacy and Discount, Miami"
3949,"RCS - Rexall Drug Inc"
4376,"RCS - WEST GRANGE SAVMOR PHARMACY, TRENTON"
3880,"RCS - Preferred Pharmacy"
3693,"RCS - New London Pharmacy"
4339,"RCS - VISTARA PHARMACY, TAMPA"
3788,"RCS - PARENTINIS PHARMACY, UNION CITY"
4306,"RCS - Valley Drug Co Inc II"
4438,"RCS - Young's Drug Store"
4431,"RCS - Yeh's Pharmacy II"
4015,"RCS - S & J MEDICAL CENTER PHARMACY"
4235,"RCS - Thompson Drug Downtown"
4231,"RCS - THIRD AVENUE PHARMACY, BRONX"
4420,"RCS - WRENS DRUG, WRENS"
4103,"RCS - Smith Rexall Drug"
3864,"RCS - Plateau Drug Center"
4120,"RCS - SPECIALTY RX MI LLC"
3792,"RCS - Park Plaza Pharmacy"
3743,"RCS - Norton Healthcare Pharmacy-Norton Hospital"
3933,"RCS - Ray Fisher Pharmacy"
4022,"RCS - Salaam Pharmacy Inc, Brooklyn"
3944,"RCS - REGAL SPECIALTY PHARMACY, CORONA"
4349,"RCS - WALKERS PHARMACY"
3746,"RCS - Norton Pharmacy- St. Matthews"
4079,"RCS - SHAZIAS PHARMACY"
4038,"RCS - SAV MOR PHARMACY INC"
3713,"RCS - NORTH BALDWIN FAMILY PHCY, BAY MINETTE"
3853,"RCS - PICAYUNE DRUG NORTH, PICAYUNE"
3786,"RCS - PARADISE PHARMACY, NATIONAL CITY"
3890,"RCS - Prescription Shoppe, Barstow"
4093,"RCS - Sicomac Pharmacy, Wyckoff"
4361,"RCS - Weatherwax Family Pharmacies Inc - SPRING ARBOR"
3929,"RCS - RALPHS THRIFTWAY PHARMACY"
4199,"RCS - TAYLOR DRUG STORE, PINEVILLE"
4031,"RCS - SANTA CRUZ PHARMA CARE"
3738,"RCS - Northland Food & Family Center INC."
4132,"RCS - Staker's Service Drugs"
3992,"RCS - ROSAUERS PHARMACY #42"
4383,"RCS - WEST ST PHARMACY, BRONX"
3965,"RCS - RIVERSIDE PHARMACY, EAST HARTFORD"
3817,"RCS - Perkins Drug"
3885,"RCS - Prescription Place of Defuniak"
3907,"RCS - PROFESSIONAL PHARMACY I, ARECIBO"
4437,"RCS - YOUNGS DRUG AND GENERAL STORE"
4048,"RCS - Sayre Professional Pharmacy, Sayre"
4254,"RCS - TONYS PHARMACY, PATERSON"
4245,"RCS - TLC Pharmacy"
3974,"RCS - Rochester Care Pharmacy"
4128,"RCS - ST JOHNS LUTHERAN MINISTRIES INC"
4100,"RCS - Smith County Drug Center"
4421,"RCS - Wrigley's Pharmacy 1 LLC"
3802,"RCS - Pavillion Healthcare Pharmacy"
4191,"RCS - SYRACUSE AREA HEALTH"
4209,"RCS - The Druggist Pharmacy"
3685,"RCS - New Concourse Pharmacy"
3893,"RCS - PRICEVILLE PHARMACY, LLC"
3744,"RCS - Norton Pharmacy  Audubon"
4177,"RCS - Super Farmacia Rina"
4184,"RCS - SUPERDRUG-HARMON"
3958,"RCS - Rite Choice Pharmacy"
4367,"RCS - WELCARE DRUG STORE, BROOKLYN"
3752,"RCS - Nvr Pharmacy, BRONX"
3826,"RCS - PharmaCare Bedford Road, Medicine Shoppe 2029"
4229,"RCS - THE PRESCRIPTION SHOPPE, WHITE HOUSE"
4144,"RCS - Stauffers of Kissel Hill Rohrerstown Pharmacy"
4242,"RCS - Timberlakes Pharmacy"
4165,"RCS - SUNSHINE DRUGS, OCALA"
4194,"RCS - Tai-Tung Pharmacy, Boston"
3852,"RCS - PICAYUNE DRUG COMPANY INC, PICAYUNE"
4443,"RCS - ZENITH PHARMACY, LOS ANGELES"
3716,"RCS - NORTH EAST DRUGS LLC, BALTIMORE"
3967,"RCS - Riverstone Health"
4035,"RCS - Saubels Pharmacy Shrewsbury"
4265,"RCS - Tri Pharmacy Corp dba Hartley Pharmacy"
4410,"RCS - Woodbury Drug Center, LLC, WOODBURY"
3745,"RCS - Norton Pharmacy  Brownsboro"
4351,"RCS - WALLS MEDICINE CENTER"
4142,"RCS - Starside Drugs, 39th Ave."
4222,"RCS - The Medicine Shoppe 0182"
4055,"RCS - SCRIPTX PHARMACY, BRONX"
3918,"RCS - Quality Pharmacy"
4059,"RCS - Senter Pharmacy"
4135,"RCS - Stanley Pharmacy, YONKERS"
3837,"RCS - Pharmacy Express, Riverside"
4311,"RCS - Value Center Pharmacy II"
4101,"RCS - SMITH PHARMACY AND HOME MED, SOUTH WEBSTER"
3981,"RCS - ROSAUERS PHARMACY #10 - SPOKANE"
4102,"RCS - SMITH PHARMACY AND HOME MEDICA, PORTSMOUTH"
4430,"RCS - Xcellent Pharmacy"
3845,"RCS - Phelps Community Pharmacy"
3953,"RCS - Riley Retail Pharmacy"
4172,"RCS - Super Farmacia Corcovada"
4320,"RCS - VALUE RX, TAZEWELL"
4304,"RCS - UPTOWN PHARMACY"
3781,"RCS - P and S Pharmacy dba U Save Drugs"
4136,"RCS - STAR DRUG HEALTH MART, WALSENBURG"
3824,"RCS - Pharm E-Z, Sterling Heights"
4227,"RCS - THE PRESCRIPTION CENTER, CONCORD"
3753,"RCS - NYCO CHEMIST IV INC., SOUTH HAMPTON"
3898,"RCS - Princeton Drug Store"
4352,"RCS - WARRIORS PHARMACY"
3687,"RCS - NEW GRAHAM PHARMACY INC, BLUEFIELD"
4008,"RCS - RX CARE PHARMACY LLC"
4119,"RCS - Span & Taylor Drug Co, Monongahela"
3771,"RCS - OnPoint Pharmacy"
4084,"RCS - Sheldon's Express Pharmacy #4"
3848,"RCS - Phil's Pharmacy Inc"
4154,"RCS - SUMMIT CARE PHARMACY"
3731,"RCS - North Retail Pharmacy"
